{"stats":{"minecraft:custom":{"minecraft:time_since_rest":5758,"minecraft:sprint_one_cm":48729,"minecraft:damage_taken":945,"minecraft:walk_one_cm":15778,"minecraft:mob_kills":2,"minecraft:damage_dealt":255,"minecraft:interact_with_crafting_table":2,"minecraft:swim_one_cm":20471,"minecraft:fly_one_cm":66536,"minecraft:crouch_one_cm":120,"minecraft:play_time":10201,"minecraft:deaths":3,"minecraft:sneak_time":54,"minecraft:walk_under_water_one_cm":1031,"minecraft:jump":278,"minecraft:time_since_death":5728,"minecraft:walk_on_water_one_cm":3397,"minecraft:total_world_time":10201,"minecraft:fall_one_cm":8880},"minecraft:killed_by":{"minecraft:skeleton":1,"minecraft:spider":2},"minecraft:killed":{"minecraft:sheep":2},"minecraft:mined":{"minecraft:birch_log":9,"minecraft:spruce_log":2,"minecraft:dark_oak_log":1,"minecraft:birch_leaves":3,"minecraft:crafting_table":1,"minecraft:grass_block":1,"minecraft:oak_log":2,"minecraft:dirt":3,"minecraft:sugar_cane":3,"minecraft:oak_leaves":4},"minecraft:crafted":{"minecraft:wooden_sword":2,"minecraft:oak_planks":8,"minecraft:crafting_table":2,"minecraft:spruce_planks":8,"minecraft:stick":8,"minecraft:wooden_pickaxe":1,"minecraft:dark_oak_planks":4,"minecraft:birch_planks":24},"minecraft:picked_up":{"minecraft:birch_log":9,"minecraft:crafting_table":1,"minecraft:birch_planks":24,"minecraft:oak_log":4,"minecraft:spruce_log":2,"minecraft:dark_oak_log":1,"minecraft:dirt":4,"minecraft:gray_wool":1,"minecraft:sugar_cane":7,"minecraft:mutton":2,"minecraft:white_wool":1},"minecraft:used":{"minecraft:wooden_sword":5,"minecraft:dirt":1,"minecraft:crafting_table":2}},"DataVersion":3465}