{"stats":{"minecraft:picked_up":{"minecraft:wooden_axe":1,"minecraft:iron_chestplate":3,"minecraft:wheat":5,"minecraft:flower_pot":4,"minecraft:gilded_blackstone":3,"minecraft:golden_sword":1,"minecraft:amethyst_block":7,"minecraft:string":7,"travelersbackpack:diamond":1,"minecraft:iron_leggings":2,"minecraft:gold_nugget":8,"minecraft:cobbled_deepslate":62,"minecraft:redstone_torch":1,"minecraft:calcite":2,"minecraft:iron_pickaxe":1,"minecraft:furnace":9,"minecraft:blue_wool":1,"minecraft:stick":5,"minecraft:composter":1,"minecraft:torch":93,"minecraft:green_bed":1,"minecraft:porkchop":8,"minecraft:cauldron":5,"minecraft:orange_bed":8,"man:redcandle":5,"minecraft:stone_sword":4,"minecraft:cactus":12,"minecraft:rotten_flesh":5,"minecraft:blue_dye":2,"minecraft:obsidian":6,"minecraft:cobblestone":572,"minecraft:birch_log":19,"minecraft:pink_petals":4,"minecraft:magma_cream":6,"minecraft:flint":4,"create:raw_zinc":1,"minecraft:dirt":83,"minecraft:bone":2,"minecraft:bow":3,"minecraft:wheat_seeds":100,"minecraft:raw_gold":11,"minecraft:grindstone":12,"minecraft:oak_planks":39,"minecraft:stone_hoe":1,"minecraft:chiseled_polished_blackstone":4,"minecraft:cooked_porkchop":7,"minecraft:sand":164,"minecraft:ink_sac":1,"minecraft:cyan_bed":5,"minecraft:spectral_arrow":10,"minecraft:dark_oak_log":1,"minecraft:mossy_cobblestone":1,"travelersbackpack:white_sleeping_bag":1,"minecraft:cracked_polished_blackstone_bricks":24,"minecraft:crossbow":1,"minecraft:netherrack":38,"minecraft:charcoal":5,"minecraft:crafting_table":21,"minecraft:chicken":2,"minecraft:clay_ball":28,"minecraft:brown_mushroom":52,"minecraft:wooden_pickaxe":1,"minecraft:shield":3,"minecraft:wooden_sword":2,"minecraft:flint_and_steel":2,"minecraft:iron_shovel":2,"minecraft:blackstone":164,"minecraft:beef":3,"minecraft:oak_boat":1,"minecraft:lectern":1,"minecraft:sugar_cane":61,"minecraft:birch_sapling":14,"minecraft:raw_iron":39,"minecraft:sandstone":1,"minecraft:polished_blackstone_bricks":67,"minecraft:redstone":155,"minecraft:iron_horse_armor":1,"minecraft:dark_oak_planks":10,"minecraft:smooth_sandstone_slab":3,"minecraft:arrow":52,"minecraft:gold_ingot":20,"minecraft:mutton":6,"minecraft:white_wool":32,"minecraft:lime_bed":2,"minecraft:basalt":20,"minecraft:salmon":1,"minecraft:cut_sandstone":15,"minecraft:leather":9,"minecraft:blackstone_slab":2,"minecraft:birch_planks":64,"minecraft:crimson_fungus":36,"minecraft:oak_log":10,"minecraft:golden_boots":6,"minecraft:gunpowder":2,"minecraft:paper":2,"minecraft:cooked_mutton":19,"minecraft:smooth_sandstone":53,"minecraft:iron_ingot":30,"minecraft:stone_pickaxe":4,"minecraft:iron_sword":1,"minecraft:soul_sand":28,"minecraft:book":27,"minecraft:smooth_basalt":4,"minecraft:birch_boat":4,"minecraft:quartz":17,"minecraft:dandelion":3,"minecraft:gravel":72,"minecraft:amethyst_shard":2,"justhammers:stone_hammer":1,"minecraft:white_bed":2,"minecraft:spruce_log":2,"justhammers:diamond_hammer":1,"minecraft:crying_obsidian":10,"minecraft:spider_eye":1,"minecraft:diamond_shovel":1,"minecraft:stone_axe":2,"minecraft:iron_helmet":2,"minecraft:gray_wool":2,"minecraft:terracotta":1,"minecraft:coal":171},"minecraft:broken":{"minecraft:stone_pickaxe":3},"minecraft:crafted":{"minecraft:oak_planks":32,"minecraft:birch_boat":1,"minecraft:cooked_chicken":1,"minecraft:stone":6,"minecraft:cooked_mutton":4,"minecraft:glass":15,"minecraft:iron_boots":1,"minecraft:chest":3,"minecraft:stone_hoe":1,"minecraft:emerald":3,"minecraft:cooked_porkchop":3,"minecraft:crafting_table":2,"minecraft:spruce_planks":8,"minecraft:wooden_pickaxe":2,"minecraft:iron_helmet":1,"travelersbackpack:blue_sleeping_bag":1,"minecraft:birch_planks":64,"minecraft:iron_chestplate":1,"minecraft:paper":24,"minecraft:stick":44,"minecraft:iron_ingot":39,"minecraft:iron_pickaxe":1,"minecraft:stone_sword":1,"minecraft:gold_ingot":11,"minecraft:wooden_sword":2,"minecraft:furnace":2,"minecraft:stone_pickaxe":4,"minecraft:dark_oak_planks":4,"travelersbackpack:backpack_tank":2,"minecraft:bucket":1,"minecraft:stone_axe":4,"minecraft:air":0,"justhammers:stone_hammer":1,"minecraft:wooden_axe":1,"minecraft:blue_wool":2,"minecraft:iron_leggings":1,"minecraft:white_bed":1,"minecraft:torch":60},"minecraft:used":{"minecraft:iron_shovel":5,"minecraft:chest":3,"minecraft:shield":2,"minecraft:iron_chestplate":2,"minecraft:lava_bucket":34,"minecraft:iron_helmet":1,"minecraft:furnace":9,"minecraft:golden_boots":4,"minecraft:stone_pickaxe":493,"minecraft:blackstone":48,"minecraft:wooden_pickaxe":18,"minecraft:sandstone":1,"minecraft:composter":1,"minecraft:sugar_cane":21,"minecraft:sand":23,"minecraft:bread":3,"minecraft:cyan_bed":5,"minecraft:lectern":1,"minecraft:wooden_sword":16,"minecraft:grindstone":2,"minecraft:stone_sword":21,"minecraft:netherrack":4,"minecraft:stone_hoe":7,"minecraft:cooked_chicken":2,"minecraft:orange_bed":7,"minecraft:torch":66,"minecraft:dirt":25,"minecraft:dark_oak_planks":2,"minecraft:wooden_axe":9,"minecraft:smooth_sandstone":50,"minecraft:iron_boots":1,"minecraft:basalt":7,"minecraft:cobbled_deepslate":27,"minecraft:cooked_mutton":19,"minecraft:wheat_seeds":1,"minecraft:smooth_sandstone_slab":3,"minecraft:birch_boat":4,"minecraft:cut_sandstone":15,"minecraft:cauldron":1,"minecraft:green_bed":1,"man:redcandle":1,"minecraft:polished_blackstone_bricks":3,"minecraft:salmon":1,"minecraft:terracotta":1,"minecraft:crafting_table":17,"minecraft:lime_bed":2,"minecraft:white_bed":2,"minecraft:flower_pot":3,"minecraft:cracked_polished_blackstone_bricks":5,"minecraft:iron_pickaxe":66,"justhammers:stone_hammer":58,"minecraft:stone_axe":24,"minecraft:cobblestone":307,"minecraft:porkchop":2,"minecraft:cooked_porkchop":3,"minecraft:bucket":35},"minecraft:dropped":{"minecraft:porkchop":2,"minecraft:brown_mushroom":28,"minecraft:crossbow":1,"minecraft:leather":1,"minecraft:iron_horse_armor":1,"minecraft:flint":2,"minecraft:cracked_polished_blackstone_bricks":7,"minecraft:gold_nugget":8,"minecraft:wooden_sword":2,"minecraft:amethyst_shard":2,"minecraft:sand":10,"minecraft:iron_pickaxe":1,"minecraft:white_wool":20,"minecraft:cauldron":4,"minecraft:gold_ingot":31,"minecraft:chiseled_polished_blackstone":1,"minecraft:stone_axe":2,"minecraft:blackstone":5,"minecraft:sugar_cane":1,"minecraft:cobbled_deepslate":25,"minecraft:wheat":1,"minecraft:birch_sapling":10,"minecraft:blue_wool":1,"minecraft:obsidian":6,"minecraft:rotten_flesh":5,"minecraft:oak_planks":15,"minecraft:diamond_shovel":1,"minecraft:cooked_mutton":2,"justhammers:stone_hammer":1,"minecraft:gunpowder":2,"travelersbackpack:white_sleeping_bag":1,"minecraft:charcoal":5,"man:redcandle":4,"minecraft:arrow":37,"minecraft:beef":3,"minecraft:crying_obsidian":1,"minecraft:quartz":17,"minecraft:netherrack":6,"minecraft:iron_ingot":22,"minecraft:stone_hoe":1,"minecraft:golden_boots":1,"justhammers:diamond_hammer":1,"minecraft:wheat_seeds":30,"minecraft:iron_helmet":1,"minecraft:cobblestone":119,"minecraft:spectral_arrow":10,"minecraft:amethyst_block":7,"minecraft:coal":33,"minecraft:gray_wool":1,"minecraft:ink_sac":1,"minecraft:torch":7,"minecraft:wooden_axe":1,"minecraft:iron_leggings":1,"minecraft:iron_shovel":1,"minecraft:paper":2,"minecraft:string":7,"minecraft:pink_petals":4,"create:raw_zinc":1,"minecraft:dandelion":2,"minecraft:redstone":128,"minecraft:furnace":1,"travelersbackpack:diamond":1,"minecraft:clay_ball":8,"minecraft:flint_and_steel":2,"minecraft:shield":2,"minecraft:flower_pot":1,"minecraft:iron_chestplate":1,"minecraft:oak_boat":1,"minecraft:redstone_torch":1,"minecraft:spider_eye":1,"minecraft:bow":3,"minecraft:stone_pickaxe":3,"minecraft:wooden_pickaxe":1,"minecraft:calcite":2},"minecraft:mined":{"minecraft:dark_oak_planks":2,"minecraft:white_bed":1,"minecraft:farmland":2,"minecraft:potted_cactus":3,"minecraft:granite":18,"minecraft:budding_amethyst":1,"minecraft:chiseled_polished_blackstone":2,"minecraft:grass_block":15,"minecraft:cracked_polished_blackstone_bricks":1,"minecraft:composter":1,"minecraft:gilded_blackstone":1,"minecraft:polished_blackstone_bricks":7,"minecraft:iron_ore":24,"minecraft:fire":1,"minecraft:water_cauldron":2,"minecraft:green_bed":1,"minecraft:orange_bed":8,"minecraft:deepslate_redstone_ore":6,"minecraft:cut_sandstone":13,"minecraft:brown_mushroom":8,"minecraft:blackstone":6,"minecraft:clay":6,"minecraft:torch":19,"minecraft:calcite":5,"man:redcandle":1,"minecraft:chest":1,"minecraft:cobblestone":21,"minecraft:cyan_bed":5,"minecraft:grindstone":9,"minecraft:oak_planks":1,"minecraft:sugar_cane":29,"minecraft:smooth_sandstone_slab":3,"minecraft:wall_torch":53,"minecraft:amethyst_block":7,"minecraft:cauldron":1,"travelersbackpack:diamond":1,"minecraft:birch_log":19,"minecraft:wheat":50,"minecraft:grass":215,"minecraft:oak_log":8,"minecraft:sand":75,"minecraft:dirt":27,"minecraft:smooth_basalt":4,"minecraft:netherrack":6,"minecraft:oak_leaves":4,"minecraft:deepslate":51,"create:zinc_ore":1,"minecraft:mossy_cobblestone":2,"minecraft:dark_oak_log":1,"minecraft:sandstone":1,"minecraft:furnace":7,"minecraft:andesite":10,"minecraft:bookshelf":9,"minecraft:deepslate_iron_ore":8,"minecraft:stone":252,"minecraft:soul_sand":8,"minecraft:basalt":2,"minecraft:dandelion":1,"minecraft:smooth_sandstone":53,"minecraft:crafting_table":14,"minecraft:lectern":1,"minecraft:tall_grass":20,"minecraft:diorite":8,"minecraft:cactus":8,"minecraft:lime_bed":2,"minecraft:redstone_torch":1,"minecraft:spruce_log":2,"minecraft:birch_leaves":42,"minecraft:coal_ore":39,"minecraft:gravel":8,"minecraft:terracotta":1},"minecraft:custom":{"minecraft:interact_with_crafting_table":48,"minecraft:bell_ring":3,"minecraft:leave_game":1,"minecraft:time_since_death":4236,"minecraft:sprint_one_cm":672764,"minecraft:damage_blocked_by_shield":135,"minecraft:drop":102,"minecraft:talked_to_villager":30,"minecraft:play_time":259607,"minecraft:deaths":10,"minecraft:jump":3452,"minecraft:walk_on_water_one_cm":7545,"minecraft:interact_with_furnace":61,"minecraft:traded_with_villager":6,"minecraft:interact_with_cartography_table":1,"minecraft:sleep_in_bed":11,"minecraft:damage_dealt":1773,"minecraft:crouch_one_cm":112530,"minecraft:interact_with_smoker":7,"minecraft:horse_one_cm":744,"minecraft:mob_kills":12,"minecraft:walk_one_cm":432233,"minecraft:sneak_time":43788,"minecraft:walk_under_water_one_cm":4492,"minecraft:boat_one_cm":59399,"minecraft:interact_with_blast_furnace":2,"minecraft:total_world_time":259607,"minecraft:interact_with_stonecutter":1,"minecraft:interact_with_grindstone":2,"minecraft:time_since_rest":4310,"minecraft:damage_taken":3212,"minecraft:swim_one_cm":30415,"minecraft:fly_one_cm":723620,"minecraft:open_chest":42,"minecraft:fall_one_cm":71940},"minecraft:killed_by":{"minecraft:piglin_brute":3,"minecraft:creeper":1,"man:managgresive":1,"minecraft:piglin":1,"minecraft:spider":2,"minecraft:skeleton":1},"minecraft:killed":{"minecraft:chicken":2,"minecraft:pig":1,"minecraft:salmon":1,"minecraft:iron_golem":1,"minecraft:sheep":5,"minecraft:cow":1,"minecraft:enderman":1}},"DataVersion":3465}