{"stats":{"minecraft:crafted":{"minecraft:warped_planks":4},"minecraft:killed":{"ad_astra:zombified_pygro":3,"whispering_spirits:whispering_spirit":1,"ad_astra:pygro":17,"alexscaves:tremorzilla":1,"man:manfromthefogback":1,"cave_dweller:cave_dweller":2},"minecraft:broken":{"minecraft:golden_sword":1},"minecraft:picked_up":{"ad_astra:jet_suit":4,"ad_astra:space_suit":5,"minecraft:netherite_boots":2,"alexscaves:primal_magma":10,"minecraft:andesite":141,"minecraft:gold_block":1,"ad_astra:tier_4_rocket":2,"minecraft:flint":12,"minecraft:tuff":20,"create:raw_zinc":4,"minecraft:golden_sword":1,"alexscaves:tectonic_shard":6,"minecraft:netherite_leggings":2,"minecraft:dirt":19,"minecraft:raw_copper":28,"create:limestone":15,"minecraft:flint_and_steel":3,"alexscaves:spawn_egg_tremorzilla":1,"minecraft:warped_hyphae":1,"ad_astra:launch_pad":1,"minecraft:raw_gold":1,"minecraft:cobbled_deepslate":303,"minecraft:netherite_sword":2,"ad_astra:jet_suit_boots":1,"ad_astra:jet_suit_pants":2,"minecraft:redstone_torch":15,"minecraft:calcite":13,"minecraft:enchanted_golden_apple":125,"minecraft:golden_helmet":1,"minecraft:stick":2,"alexscaves:spawn_egg_luxtructosaurus":1,"minecraft:raw_iron":5,"minecraft:sandstone":964,"alexscaves:uranium":30,"minecraft:gravel":79,"ad_astra:space_pants":2,"minecraft:sand":165,"ad_astra:space_helmet":4,"minecraft:diorite":180,"minecraft:redstone":4,"minecraft:golden_chestplate":1,"ad_astra:space_boots":3,"alexscaves:spawn_egg_nucleeper":1,"minecraft:netherite_helmet":2,"minecraft:granite":170,"minecraft:totem_of_undying":17,"minecraft:netherite_chestplate":2,"alexscaves:uranium_shard":15,"minecraft:coal":3,"minecraft:cobblestone":1209,"minecraft:ender_pearl":1},"minecraft:mined":{"minecraft:powder_snow":64,"minecraft:dead_bush":1,"minecraft:redstone_torch":8,"minecraft:fire":4,"minecraft:warped_hyphae":1,"minecraft:redstone_wall_torch":1},"minecraft:used":{"minecraft:netherite_sword":64,"minecraft:flint_and_steel":22,"alexscaves:spawn_egg_tremorzilla":1,"alexscaves:spawn_egg_luxtructosaurus":1,"alexscaves:spawn_egg_nucleeper":1,"ad_astra:tier_4_rocket":2,"minecraft:warped_planks":4,"minecraft:redstone_torch":17,"ad_astra:jet_suit_boots":1,"ad_astra:jet_suit_pants":1,"ad_astra:space_suit":3,"ad_astra:jet_suit":1,"ad_astra:launch_pad":1,"minecraft:totem_of_undying":5,"minecraft:golden_sword":2,"minecraft:goat_horn":24,"ad_astra:space_boots":1,"ad_astra:space_pants":1,"minecraft:gold_block":4,"minecraft:enchanted_golden_apple":37},"minecraft:killed_by":{"man:managgresive":1,"minecraft:player":1},"minecraft:custom":{"minecraft:interact_with_furnace":2,"minecraft:mob_kills":25,"minecraft:interact_with_grindstone":1,"minecraft:leave_game":1,"minecraft:time_since_death":23472,"minecraft:damage_resisted":1952,"minecraft:time_since_rest":23541,"minecraft:sprint_one_cm":61446,"minecraft:walk_one_cm":95172,"minecraft:damage_taken":4758,"minecraft:damage_absorbed":3919,"minecraft:drop":35,"minecraft:damage_dealt":5958,"minecraft:swim_one_cm":403,"minecraft:fly_one_cm":496243,"minecraft:open_chest":5,"minecraft:crouch_one_cm":574,"minecraft:play_time":58495,"minecraft:deaths":2,"minecraft:sneak_time":942,"minecraft:walk_under_water_one_cm":4968,"minecraft:aviate_one_cm":478,"minecraft:jump":496,"minecraft:interact_with_blast_furnace":1,"minecraft:walk_on_water_one_cm":4198,"minecraft:total_world_time":58495,"minecraft:fall_one_cm":40921},"minecraft:dropped":{"minecraft:gravel":12,"alexscaves:uranium":30,"minecraft:golden_helmet":1,"minecraft:golden_chestplate":1,"minecraft:cobbled_deepslate":182,"minecraft:ender_pearl":1,"minecraft:tuff":3,"minecraft:netherite_chestplate":1,"minecraft:netherite_helmet":1,"minecraft:cobblestone":129,"ad_astra:space_boots":3,"minecraft:granite":64,"minecraft:netherite_leggings":1,"minecraft:dirt":4,"minecraft:andesite":68,"minecraft:netherite_boots":1,"create:limestone":6,"minecraft:sandstone":12,"minecraft:sand":18,"minecraft:calcite":5,"minecraft:redstone":4}},"DataVersion":3465}