{"stats":{"minecraft:dropped":{"minecraft:stone_axe":1,"minecraft:wooden_axe":2,"minecraft:wooden_pickaxe":1},"minecraft:crafted":{"minecraft:oak_planks":32,"minecraft:stone_shovel":1,"minecraft:crafting_table":1,"minecraft:wooden_pickaxe":1,"minecraft:stone_axe":1,"minecraft:oak_boat":1,"minecraft:stick":12,"minecraft:stone_pickaxe":1,"minecraft:wooden_axe":1,"minecraft:stone_sword":1},"minecraft:custom":{"minecraft:mob_kills":8,"minecraft:interact_with_crafting_table":8,"minecraft:bell_ring":1,"minecraft:time_since_death":35502,"minecraft:sleep_in_bed":1,"minecraft:climb_one_cm":1958,"minecraft:time_since_rest":10170,"minecraft:sprint_one_cm":177433,"minecraft:damage_taken":130,"minecraft:walk_one_cm":90506,"minecraft:drop":4,"minecraft:damage_dealt":900,"minecraft:talked_to_villager":5,"minecraft:fly_one_cm":129562,"minecraft:crouch_one_cm":8888,"minecraft:play_time":35502,"minecraft:sneak_time":2613,"minecraft:boat_one_cm":91910,"minecraft:jump":626,"minecraft:interact_with_brewingstand":1,"minecraft:walk_on_water_one_cm":437,"minecraft:total_world_time":35502,"minecraft:fall_one_cm":13714},"minecraft:picked_up":{"minecraft:wooden_axe":1,"minecraft:crafting_table":6,"minecraft:wheat":7,"minecraft:oak_stairs":3,"minecraft:potato":32,"minecraft:oak_log":15,"minecraft:brewing_stand":1,"minecraft:dirt":71,"minecraft:string":2,"minecraft:wheat_seeds":73,"minecraft:sugar_cane":16,"minecraft:oak_planks":7,"minecraft:egg":2,"minecraft:raw_iron":1,"minecraft:oak_door":2,"minecraft:pumpkin":1,"minecraft:torch":15,"minecraft:porkchop":3,"minecraft:white_bed":4,"minecraft:carrot":66,"minecraft:spider_eye":1,"minecraft:rotten_flesh":4,"minecraft:beetroot_seeds":4,"minecraft:stone_axe":1,"minecraft:mutton":4,"minecraft:coal":14,"minecraft:white_wool":3,"minecraft:cobblestone":37},"minecraft:killed":{"minecraft:pig":3,"minecraft:spider":1,"minecraft:sheep":3,"minecraft:villager":1},"minecraft:used":{"minecraft:wheat_seeds":17,"minecraft:stone_sword":11,"minecraft:stone_pickaxe":40,"minecraft:stone_shovel":70,"minecraft:wooden_pickaxe":13,"minecraft:torch":3,"minecraft:dirt":27,"minecraft:crafting_table":6,"minecraft:carrot":38,"minecraft:white_bed":3,"minecraft:wooden_axe":24,"minecraft:stone_axe":10,"minecraft:cobblestone":7,"minecraft:oak_boat":1,"minecraft:egg":2},"minecraft:mined":{"minecraft:white_bed":4,"minecraft:glass_pane":1,"minecraft:oak_door":2,"minecraft:brewing_stand":1,"minecraft:crafting_table":6,"minecraft:torch":5,"minecraft:grass_block":65,"minecraft:cobblestone":6,"minecraft:tall_grass":2,"minecraft:oak_planks":7,"minecraft:sugar_cane":10,"minecraft:wall_torch":11,"minecraft:carrots":48,"minecraft:iron_ore":1,"minecraft:wheat":61,"minecraft:pumpkin":1,"minecraft:grass":10,"minecraft:coal_ore":14,"minecraft:potatoes":19,"minecraft:oak_log":15,"minecraft:beetroots":4,"minecraft:oak_stairs":3,"minecraft:dirt":7,"minecraft:stone":31,"minecraft:oak_leaves":2}},"DataVersion":3465}