{"stats":{"minecraft:custom":{"minecraft:time_since_rest":11434,"minecraft:sprint_one_cm":70154,"minecraft:damage_taken":805,"minecraft:walk_one_cm":18697,"minecraft:mob_kills":4,"minecraft:damage_dealt":716,"minecraft:swim_one_cm":6093,"minecraft:interact_with_crafting_table":13,"minecraft:fly_one_cm":54095,"minecraft:open_chest":4,"minecraft:crouch_one_cm":733,"minecraft:play_time":23685,"minecraft:deaths":2,"minecraft:sneak_time":527,"minecraft:walk_under_water_one_cm":118,"minecraft:jump":271,"minecraft:leave_game":1,"minecraft:walk_on_water_one_cm":2217,"minecraft:time_since_death":11340,"minecraft:total_world_time":23685,"minecraft:fall_one_cm":8413},"minecraft:killed_by":{"minecraft:wolf":1,"minecraft:creeper":1},"minecraft:killed":{"minecraft:skeleton":1,"minecraft:zombie":3},"minecraft:mined":{"minecraft:birch_leaves":3,"minecraft:crafting_table":2,"minecraft:grass":1,"minecraft:grass_block":2,"minecraft:oak_log":36,"minecraft:dirt":3,"minecraft:stone":49,"minecraft:oak_leaves":18},"minecraft:crafted":{"minecraft:oak_planks":24,"vanillaplustools:stone_hammer":1,"minecraft:crafting_table":1,"minecraft:stick":32,"minecraft:iron_pickaxe":1,"minecraft:wooden_pickaxe":1,"minecraft:stone_pickaxe":11,"minecraft:stone_sword":1,"minecraft:stone_axe":1,"minecraft:bread":9},"minecraft:picked_up":{"minecraft:birch_log":2,"minecraft:stick":21,"minecraft:crafting_table":2,"minecraft:wooden_pickaxe":1,"minecraft:oak_log":102,"minecraft:string":2,"minecraft:dirt":19,"man:cassette_1safetyinstructions":2,"minecraft:bone":1,"minecraft:arrow":2,"minecraft:rotten_flesh":3,"minecraft:stone_pickaxe":8,"minecraft:oak_sapling":4,"minecraft:oak_planks":1,"minecraft:cobblestone":72},"minecraft:used":{"minecraft:stone_sword":8,"minecraft:bread":3,"minecraft:stone_pickaxe":38,"minecraft:wooden_pickaxe":11,"minecraft:rotten_flesh":3,"minecraft:stone_axe":10,"minecraft:dirt":2,"minecraft:cobblestone":1,"minecraft:crafting_table":2,"minecraft:oak_sapling":4}},"DataVersion":3465}