{"stats":{"minecraft:dropped":{"minecraft:iron_ingot":17,"minecraft:bread":12,"minecraft:birch_planks":55,"minecraft:wheat_seeds":2,"minecraft:dripstone_block":5,"minecraft:iron_helmet":4,"minecraft:cobblestone":262,"man:cassette_1safetyinstructions":1,"minecraft:leather":3,"minecraft:granite":30,"minecraft:fletching_table":1,"create:crimsite":9,"minecraft:dirt":1,"minecraft:diorite":16,"minecraft:wooden_hoe":2,"minecraft:crimson_roots":1,"minecraft:iron_leggings":3,"minecraft:pumpkin":4,"minecraft:oak_stairs":1,"minecraft:iron_axe":1,"minecraft:redstone":6,"minecraft:iron_pickaxe":1,"minecraft:iron_shovel":1,"minecraft:string":1,"minecraft:trapped_chest":1,"minecraft:white_wool":1,"create:raw_zinc":2,"epicpaladins:arclight_gem":9,"minecraft:bone":4,"minecraft:gravel":1,"minecraft:stone_axe":1,"minecraft:sugar_cane":1,"minecraft:cobbled_deepslate":57,"minecraft:raw_copper":28,"minecraft:tuff":18,"minecraft:pointed_dripstone":11,"epicpaladins:bloodstone_gem":6,"minecraft:rotten_flesh":24,"minecraft:iron_boots":3,"minecraft:stripped_oak_log":2,"create:asurine":3,"justhammers:iron_hammer":1,"justhammers:stone_hammer":2,"minecraft:iron_chestplate":3,"minecraft:gunpowder":5,"create:veridium":2,"minecraft:spruce_planks":3,"minecraft:andesite":74,"minecraft:chainmail_boots":1,"create:limestone":7,"minecraft:spider_eye":3,"minecraft:barrel":1,"minecraft:stone_pickaxe":1,"minecraft:wooden_pickaxe":1,"minecraft:raw_gold":2},"minecraft:crafted":{"minecraft:oak_planks":108,"epicpaladins:bloodstone_shovel":1,"minecraft:raw_iron":108,"travelersbackpack:crafting_upgrade":1,"minecraft:furnace":3,"minecraft:stone":6,"epicpaladins:bloodstone_axe":1,"travelersbackpack:blank_upgrade":4,"travelersbackpack:gold_tier_upgrade":1,"minecraft:glass":26,"travelersbackpack:white_sleeping_bag":1,"minecraft:iron_boots":1,"minecraft:iron_axe":1,"minecraft:stone_pickaxe":1,"minecraft:chest":3,"minecraft:spruce_boat":1,"minecraft:dark_oak_planks":12,"travelersbackpack:diamond_tier_upgrade":1,"minecraft:wheat":135,"minecraft:raw_iron_block":6,"minecraft:crimson_planks":132,"minecraft:wooden_shovel":2,"travelersbackpack:iron_tier_upgrade":1,"minecraft:crafting_table":7,"minecraft:spruce_planks":72,"travelersbackpack:standard":4,"travelersbackpack:backpack_tank":4,"minecraft:wooden_pickaxe":5,"minecraft:iron_sword":1,"minecraft:bucket":1,"minecraft:birch_planks":84,"minecraft:glowstone":16,"minecraft:stone_axe":2,"minecraft:bread":46,"minecraft:air":0,"justhammers:iron_hammer":2,"minecraft:wooden_hoe":1,"minecraft:paper":42,"justhammers:stone_hammer":2,"minecraft:shield":4,"epicpaladins:bloodstone_pickaxe":1,"minecraft:stick":156,"minecraft:iron_ingot":99,"minecraft:iron_pickaxe":1,"minecraft:wooden_axe":1,"minecraft:gold_ingot":20,"minecraft:torch":436,"minecraft:lapis_block":20},"minecraft:custom":{"minecraft:interact_with_smithing_table":7,"minecraft:mob_kills":95,"minecraft:animals_bred":1,"minecraft:interact_with_crafting_table":46,"minecraft:open_barrel":8,"minecraft:leave_game":2,"minecraft:time_since_death":952,"minecraft:climb_one_cm":1425,"minecraft:sprint_one_cm":949434,"minecraft:walk_one_cm":363739,"minecraft:damage_blocked_by_shield":6240,"minecraft:drop":122,"minecraft:play_time":303650,"minecraft:sneak_time":20177,"minecraft:deaths":15,"minecraft:walk_under_water_one_cm":5150,"minecraft:boat_one_cm":202386,"minecraft:jump":3518,"minecraft:interact_with_blast_furnace":1,"minecraft:walk_on_water_one_cm":11819,"minecraft:total_world_time":303650,"minecraft:interact_with_furnace":59,"minecraft:sleep_in_bed":16,"minecraft:time_since_rest":975,"minecraft:damage_taken":6053,"minecraft:trigger_trapped_chest":2,"minecraft:damage_dealt":19050,"minecraft:player_kills":1,"minecraft:swim_one_cm":11394,"minecraft:fly_one_cm":513442,"minecraft:open_chest":22,"minecraft:crouch_one_cm":40404,"minecraft:fall_one_cm":67580,"minecraft:horse_one_cm":4006},"minecraft:killed_by":{"minecraft:player":1,"minecraft:creeper":2,"minecraft:pillager":6,"sanitydim:rotting_stalker":1,"cave_dweller:cave_dweller":1},"minecraft:picked_up":{"minecraft:iron_chestplate":4,"minecraft:crafting_table":20,"minecraft:wheat":15,"minecraft:chainmail_boots":1,"minecraft:smithing_table":6,"minecraft:wooden_pickaxe":4,"minecraft:oak_stairs":1,"epicpaladins:bloodstone_pickaxe":3,"minecraft:crimson_planks":55,"minecraft:shield":9,"minecraft:string":2,"create:limestone":7,"minecraft:raw_copper":28,"minecraft:iron_axe":1,"artifacts:power_glove":3,"minecraft:flint_and_steel":2,"minecraft:iron_leggings":4,"epicpaladins:bloodstone_gem":111,"minecraft:iron_shovel":1,"artifacts:fire_gauntlet":4,"minecraft:cobbled_deepslate":445,"minecraft:spruce_planks":5,"minecraft:iron_pickaxe":1,"minecraft:enchanted_golden_apple":1,"minecraft:sugar_cane":91,"minecraft:furnace":11,"minecraft:iron_boots":8,"minecraft:egg":3,"minecraft:raw_iron":250,"minecraft:stick":38,"minecraft:stone":38,"epicpaladins:arclight_gem":85,"minecraft:torch":34,"minecraft:pointed_dripstone":13,"minecraft:diorite":16,"minecraft:redstone":12,"minecraft:golden_chestplate":4,"minecraft:arrow":44,"epicpaladins:cryorium_gem":41,"minecraft:rotten_flesh":28,"minecraft:glowstone":15,"minecraft:hay_block":27,"epicpaladins:bloodstone_shovel":3,"create:asurine":3,"create:veridium":2,"minecraft:gold_ingot":13,"minecraft:obsidian":8,"minecraft:white_wool":8,"minecraft:cobblestone":1161,"minecraft:stripped_oak_log":2,"minecraft:birch_log":21,"minecraft:cooked_beef":81,"minecraft:crimson_stem":33,"minecraft:andesite":77,"minecraft:leather":32,"minecraft:golden_leggings":4,"minecraft:potato":12,"minecraft:birch_planks":6,"minecraft:flint":36,"minecraft:tuff":31,"create:raw_zinc":2,"minecraft:oak_log":27,"minecraft:yellow_bed":23,"minecraft:gunpowder":5,"minecraft:wooden_hoe":1,"minecraft:lapis_lazuli":239,"minecraft:dirt":9,"minecraft:white_banner":4,"man:cassette_1safetyinstructions":3,"minecraft:cooked_mutton":9,"epicpaladins:bloodstone_axe":3,"minecraft:bone":8,"minecraft:wheat_seeds":7,"minecraft:raw_gold":35,"minecraft:iron_ingot":141,"minecraft:stone_pickaxe":4,"minecraft:fletching_table":2,"artifacts:steadfast_spikes":8,"minecraft:glowstone_dust":68,"minecraft:iron_sword":4,"minecraft:oak_planks":70,"minecraft:book":71,"minecraft:smooth_basalt":1,"minecraft:pumpkin":6,"minecraft:dripstone_block":5,"minecraft:gravel":169,"justhammers:iron_hammer":5,"minecraft:sand":54,"justhammers:stone_hammer":10,"minecraft:blast_furnace":1,"minecraft:spruce_log":51,"minecraft:spider_eye":3,"minecraft:trapped_chest":1,"minecraft:dark_oak_log":3,"minecraft:barrel":1,"travelersbackpack:standard":3,"minecraft:diamond_shovel":1,"create:crimsite":9,"minecraft:diamond":8,"minecraft:spruce_boat":3,"minecraft:iron_helmet":9,"minecraft:crossbow":5,"minecraft:granite":39,"minecraft:golden_apple":1,"minecraft:bread":285,"minecraft:oak_sapling":2,"minecraft:netherrack":278,"minecraft:coal":311,"minecraft:crimson_roots":2},"minecraft:killed":{"minecraft:witch":1,"minecraft:spider":3,"minecraft:horse":4,"minecraft:skeleton":16,"minecraft:chicken":1,"minecraft:iron_golem":1,"minecraft:creeper":5,"minecraft:pillager":28,"minecraft:zombie":22,"minecraft:donkey":1,"minecraft:cow":7},"minecraft:used":{"epicpaladins:bloodstone_pickaxe":248,"minecraft:iron_shovel":26,"minecraft:flint_and_steel":29,"minecraft:chest":1,"minecraft:shield":189,"minecraft:iron_sword":15,"minecraft:stone":6,"minecraft:wooden_shovel":107,"minecraft:netherrack":118,"minecraft:torch":369,"minecraft:dirt":8,"epicpaladins:bloodstone_axe":113,"minecraft:golden_chestplate":2,"minecraft:spruce_boat":2,"minecraft:wooden_axe":1,"minecraft:iron_axe":71,"minecraft:iron_helmet":1,"minecraft:iron_boots":2,"minecraft:crimson_roots":1,"epicpaladins:bloodstone_shovel":31,"minecraft:smooth_basalt":1,"minecraft:glowstone":1,"minecraft:hay_block":2,"minecraft:oak_sapling":2,"minecraft:furnace":10,"minecraft:egg":3,"minecraft:potato":3,"minecraft:cooked_beef":11,"minecraft:cobbled_deepslate":13,"minecraft:pointed_dripstone":2,"minecraft:wheat_seeds":3,"minecraft:cooked_mutton":5,"minecraft:water_bucket":3,"minecraft:birch_planks":1,"minecraft:stone_pickaxe":18,"minecraft:oak_planks":4,"minecraft:wooden_pickaxe":171,"minecraft:sand":1,"minecraft:crafting_table":18,"minecraft:crossbow":6,"justhammers:iron_hammer":143,"minecraft:wooden_hoe":8,"minecraft:iron_pickaxe":59,"minecraft:gravel":80,"minecraft:string":1,"minecraft:bread":46,"justhammers:stone_hammer":79,"minecraft:golden_leggings":2,"minecraft:stone_axe":95,"travelersbackpack:standard":2,"minecraft:cobblestone":207,"minecraft:smithing_table":4,"minecraft:bucket":11,"minecraft:yellow_bed":19},"minecraft:broken":{"minecraft:wooden_shovel":1,"minecraft:wooden_pickaxe":1,"minecraft:golden_leggings":1,"minecraft:shield":2,"minecraft:stone_axe":1},"minecraft:mined":{"minecraft:deepslate_diamond_ore":2,"epicpaladins:cryorium_ore":5,"minecraft:dark_oak_log":3,"minecraft:obsidian":6,"minecraft:granite":7,"minecraft:grass_block":1,"minecraft:crimson_roots":1,"minecraft:spruce_leaves":11,"minecraft:crimson_stem":34,"minecraft:spawner":1,"epicpaladins:deepslate_arclight_ore":15,"minecraft:large_fern":19,"minecraft:hay_block":17,"minecraft:glowstone":26,"minecraft:furnace":9,"minecraft:iron_ore":12,"minecraft:fire":24,"minecraft:cobbled_deepslate":2,"minecraft:andesite":9,"minecraft:pumpkin":2,"minecraft:deepslate_lapis_ore":1,"minecraft:bookshelf":4,"minecraft:pointed_dripstone":6,"minecraft:deepslate_iron_ore":2,"minecraft:stone":75,"minecraft:smithing_table":5,"epicpaladins:deepslate_bloodstone_ore":17,"minecraft:crimson_nylium":2,"minecraft:powder_snow":32,"travelersbackpack:standard":3,"minecraft:crafting_table":13,"minecraft:torch":10,"minecraft:copper_ore":1,"minecraft:tall_grass":20,"minecraft:cobblestone":11,"minecraft:oak_planks":1,"minecraft:sugar_cane":20,"minecraft:diorite":10,"minecraft:wall_torch":4,"minecraft:birch_planks":2,"epicpaladins:bloodstone_ore":23,"minecraft:birch_log":21,"epicpaladins:deepslate_cryorium_ore":2,"minecraft:spruce_log":51,"minecraft:yellow_bed":19,"minecraft:grass":49,"minecraft:coal_ore":3,"minecraft:oak_log":27,"minecraft:gravel":135,"minecraft:dirt":8,"minecraft:sand":54,"minecraft:dripstone_block":1,"minecraft:smooth_basalt":1,"minecraft:netherrack":253,"minecraft:gold_ore":1,"minecraft:oak_leaves":17,"epicpaladins:arclight_ore":2,"minecraft:deepslate":14,"minecraft:fern":5}},"DataVersion":3465}