{"stats":{"minecraft:dropped":{"minecraft:diorite":5,"alexscaves:dinosaur_chop":7,"minecraft:andesite":5,"minecraft:cobblestone":128,"alexscaves:guano_layer":1,"minecraft:sandstone":12,"minecraft:sand":9,"travelersbackpack:standard":1,"alexscaves:tectonic_shard":5,"alexscaves:music_disc_fusion":1,"alexscaves:siren_light":1},"minecraft:killed":{"alexscaves:tremorzilla":1,"minecraft:spider":1,"alexscaves:nucleeper":1},"minecraft:picked_up":{"minecraft:raw_iron":2,"minecraft:sandstone":12,"minecraft:andesite":16,"minecraft:gravel":1,"minecraft:sand":9,"minecraft:diorite":13,"alexscaves:tectonic_shard":5,"alexscaves:music_disc_fusion":1,"minecraft:raw_copper":3,"alexscaves:dinosaur_chop":7,"minecraft:cobbled_deepslate":7,"minecraft:granite":5,"minecraft:cobblestone":131},"minecraft:used":{"alexscaves:spawn_egg_tremorsaurus":2,"alexscaves:spawn_egg_atlatitan":1,"alexscaves:spawn_egg_tremorzilla":1,"alexscaves:spawn_egg_luxtructosaurus":1,"alexscaves:remote_detonator":4,"alexscaves:nuclear_siren":35,"minecraft:redstone_block":2,"alexscaves:nuclear_furnace_component":2,"alexscaves:music_disc_fusion":1,"alexscaves:spawn_egg_nucleeper":2,"alexscaves:nuclear_bomb":3,"alexscaves:siren_light":11,"minecraft:jukebox":1,"minecraft:splash_potion":1},"minecraft:custom":{"minecraft:time_since_rest":69420,"minecraft:sprint_one_cm":5436,"minecraft:damage_taken":215,"minecraft:walk_one_cm":19885,"minecraft:mob_kills":3,"minecraft:drop":107,"minecraft:damage_dealt":1372,"minecraft:play_record":1,"minecraft:fly_one_cm":625546,"minecraft:open_barrel":1,"minecraft:open_chest":5,"minecraft:crouch_one_cm":26,"minecraft:play_time":69420,"minecraft:sneak_time":692,"minecraft:walk_under_water_one_cm":15725,"minecraft:jump":42,"minecraft:leave_game":2,"minecraft:time_since_death":69420,"minecraft:walk_on_water_one_cm":3076,"minecraft:total_world_time":69420,"minecraft:fall_one_cm":335}},"DataVersion":3465}