{"stats":{"minecraft:killed":{"minecraft:spider":2,"minecraft:skeleton":8,"minecraft:horse":2,"minecraft:creeper":3,"minecraft:pillager":28,"minecraft:zombie":8,"minecraft:donkey":1,"minecraft:cow":5},"minecraft:used":{"epicpaladins:bloodstone_pickaxe":104,"minecraft:iron_shovel":26,"minecraft:flint_and_steel":28,"minecraft:shield":154,"minecraft:stone":6,"minecraft:iron_sword":15,"minecraft:netherrack":17,"minecraft:torch":282,"minecraft:dirt":8,"epicpaladins:bloodstone_axe":52,"minecraft:spruce_boat":2,"minecraft:wooden_axe":1,"minecraft:iron_axe":71,"minecraft:iron_boots":1,"epicpaladins:bloodstone_shovel":29,"minecraft:hay_block":2,"minecraft:oak_sapling":2,"minecraft:furnace":7,"minecraft:egg":2,"minecraft:cooked_beef":4,"minecraft:potato":3,"minecraft:cobbled_deepslate":13,"minecraft:pointed_dripstone":2,"minecraft:wheat_seeds":3,"minecraft:cooked_mutton":5,"minecraft:birch_planks":1,"minecraft:stone_pickaxe":18,"minecraft:oak_planks":1,"minecraft:wooden_pickaxe":28,"minecraft:sand":1,"minecraft:crafting_table":12,"minecraft:crossbow":6,"justhammers:iron_hammer":119,"minecraft:wooden_hoe":8,"minecraft:string":1,"minecraft:bread":41,"minecraft:iron_pickaxe":59,"minecraft:gravel":12,"justhammers:stone_hammer":79,"minecraft:stone_axe":95,"minecraft:cobblestone":126,"minecraft:smithing_table":2,"minecraft:yellow_bed":14},"minecraft:dropped":{"minecraft:bread":1,"minecraft:birch_planks":1,"minecraft:wheat_seeds":1,"minecraft:dripstone_block":5,"minecraft:cobblestone":260,"man:cassette_1safetyinstructions":1,"minecraft:granite":30,"create:crimsite":9,"minecraft:dirt":1,"minecraft:diorite":7,"minecraft:wooden_hoe":2,"minecraft:iron_axe":1,"minecraft:iron_pickaxe":1,"minecraft:iron_shovel":1,"minecraft:string":1,"minecraft:trapped_chest":1,"minecraft:white_wool":1,"minecraft:gravel":1,"minecraft:stone_axe":1,"minecraft:cobbled_deepslate":7,"minecraft:raw_copper":25,"minecraft:tuff":3,"minecraft:pointed_dripstone":11,"minecraft:rotten_flesh":8,"create:asurine":3,"justhammers:iron_hammer":1,"justhammers:stone_hammer":2,"create:veridium":2,"minecraft:spruce_planks":3,"minecraft:andesite":34,"create:limestone":7,"minecraft:spider_eye":2,"minecraft:barrel":1,"minecraft:stone_pickaxe":1,"minecraft:raw_gold":2},"minecraft:custom":{"minecraft:interact_with_smithing_table":3,"minecraft:mob_kills":62,"minecraft:animals_bred":1,"minecraft:interact_with_crafting_table":33,"minecraft:open_barrel":3,"minecraft:leave_game":1,"minecraft:time_since_death":88509,"minecraft:sprint_one_cm":722408,"minecraft:walk_one_cm":201804,"minecraft:damage_blocked_by_shield":5210,"minecraft:drop":60,"minecraft:play_time":172040,"minecraft:sneak_time":10283,"minecraft:deaths":7,"minecraft:walk_under_water_one_cm":3225,"minecraft:boat_one_cm":21735,"minecraft:jump":2056,"minecraft:interact_with_blast_furnace":1,"minecraft:walk_on_water_one_cm":4641,"minecraft:total_world_time":172040,"minecraft:interact_with_furnace":49,"minecraft:sleep_in_bed":11,"minecraft:time_since_rest":2988,"minecraft:damage_taken":3645,"minecraft:trigger_trapped_chest":2,"minecraft:damage_dealt":11517,"minecraft:swim_one_cm":9044,"minecraft:fly_one_cm":290292,"minecraft:open_chest":14,"minecraft:crouch_one_cm":18358,"minecraft:fall_one_cm":33779,"minecraft:horse_one_cm":4006},"minecraft:killed_by":{"minecraft:pillager":6,"cave_dweller:cave_dweller":1},"minecraft:broken":{"minecraft:shield":1,"minecraft:stone_axe":1},"minecraft:picked_up":{"minecraft:crafting_table":14,"minecraft:wheat":15,"minecraft:chainmail_boots":1,"minecraft:smithing_table":4,"minecraft:shield":6,"minecraft:string":2,"minecraft:iron_axe":1,"minecraft:raw_copper":28,"create:limestone":7,"minecraft:flint_and_steel":1,"epicpaladins:bloodstone_gem":99,"minecraft:iron_shovel":1,"artifacts:fire_gauntlet":1,"minecraft:cobbled_deepslate":130,"minecraft:spruce_planks":5,"minecraft:iron_pickaxe":1,"minecraft:sugar_cane":91,"minecraft:furnace":9,"minecraft:iron_boots":1,"minecraft:egg":2,"minecraft:stick":36,"minecraft:raw_iron":169,"minecraft:stone":38,"epicpaladins:arclight_gem":60,"minecraft:torch":31,"minecraft:pointed_dripstone":13,"minecraft:diorite":16,"minecraft:golden_chestplate":1,"minecraft:arrow":28,"minecraft:rotten_flesh":14,"epicpaladins:cryorium_gem":36,"minecraft:hay_block":27,"create:asurine":3,"create:veridium":2,"minecraft:obsidian":3,"minecraft:white_wool":8,"minecraft:cobblestone":966,"minecraft:birch_log":21,"minecraft:cooked_beef":24,"minecraft:andesite":77,"minecraft:leather":27,"minecraft:golden_leggings":1,"minecraft:potato":12,"minecraft:birch_planks":6,"minecraft:flint":2,"minecraft:tuff":10,"create:raw_zinc":2,"minecraft:oak_log":21,"minecraft:yellow_bed":18,"minecraft:gunpowder":3,"minecraft:lapis_lazuli":144,"minecraft:wooden_hoe":1,"minecraft:dirt":9,"minecraft:white_banner":4,"man:cassette_1safetyinstructions":3,"minecraft:cooked_mutton":9,"minecraft:bone":3,"minecraft:wheat_seeds":6,"minecraft:raw_gold":20,"minecraft:iron_ingot":110,"minecraft:stone_pickaxe":4,"minecraft:fletching_table":1,"artifacts:steadfast_spikes":5,"minecraft:iron_sword":4,"minecraft:oak_planks":41,"minecraft:book":71,"minecraft:dripstone_block":5,"minecraft:gravel":67,"justhammers:iron_hammer":2,"minecraft:sand":54,"justhammers:stone_hammer":10,"minecraft:blast_furnace":1,"minecraft:spruce_log":51,"minecraft:trapped_chest":1,"minecraft:dark_oak_log":3,"minecraft:spider_eye":2,"minecraft:barrel":1,"minecraft:diamond_shovel":1,"create:crimsite":9,"minecraft:diamond":5,"minecraft:spruce_boat":3,"minecraft:iron_helmet":1,"minecraft:crossbow":5,"minecraft:granite":39,"minecraft:golden_apple":1,"minecraft:bread":274,"minecraft:oak_sapling":2,"minecraft:netherrack":17,"minecraft:coal":250},"minecraft:mined":{"epicpaladins:cryorium_ore":5,"minecraft:dark_oak_log":3,"minecraft:granite":7,"minecraft:grass_block":1,"minecraft:spruce_leaves":11,"minecraft:spawner":1,"epicpaladins:deepslate_arclight_ore":10,"minecraft:large_fern":19,"minecraft:hay_block":17,"minecraft:furnace":7,"minecraft:iron_ore":12,"minecraft:fire":20,"minecraft:cobbled_deepslate":2,"minecraft:andesite":9,"minecraft:deepslate_lapis_ore":1,"minecraft:bookshelf":4,"minecraft:pointed_dripstone":6,"minecraft:deepslate_iron_ore":1,"minecraft:stone":74,"minecraft:smithing_table":3,"epicpaladins:deepslate_bloodstone_ore":9,"minecraft:powder_snow":32,"minecraft:crafting_table":10,"minecraft:torch":9,"minecraft:copper_ore":1,"minecraft:tall_grass":7,"minecraft:cobblestone":10,"minecraft:sugar_cane":20,"minecraft:diorite":10,"minecraft:wall_torch":3,"minecraft:birch_planks":2,"epicpaladins:bloodstone_ore":23,"minecraft:birch_log":21,"epicpaladins:deepslate_cryorium_ore":2,"minecraft:spruce_log":51,"minecraft:yellow_bed":15,"minecraft:grass":11,"minecraft:oak_log":21,"minecraft:coal_ore":3,"minecraft:sand":54,"minecraft:gravel":15,"minecraft:dripstone_block":1,"minecraft:dirt":8,"minecraft:gold_ore":1,"minecraft:oak_leaves":16,"epicpaladins:arclight_ore":2,"minecraft:deepslate":12,"minecraft:fern":5},"minecraft:crafted":{"minecraft:oak_planks":84,"epicpaladins:bloodstone_shovel":1,"travelersbackpack:crafting_upgrade":1,"minecraft:furnace":2,"minecraft:stone":6,"epicpaladins:bloodstone_axe":1,"travelersbackpack:blank_upgrade":4,"minecraft:glass":26,"travelersbackpack:white_sleeping_bag":1,"minecraft:iron_boots":1,"minecraft:iron_axe":1,"minecraft:stone_pickaxe":1,"minecraft:chest":2,"minecraft:spruce_boat":1,"minecraft:dark_oak_planks":12,"minecraft:wheat":135,"travelersbackpack:iron_tier_upgrade":1,"minecraft:crafting_table":4,"minecraft:spruce_planks":60,"travelersbackpack:backpack_tank":4,"minecraft:wooden_pickaxe":1,"travelersbackpack:standard":2,"minecraft:iron_sword":1,"minecraft:birch_planks":84,"minecraft:stone_axe":2,"minecraft:bread":46,"minecraft:air":0,"justhammers:iron_hammer":2,"minecraft:wooden_hoe":1,"justhammers:stone_hammer":2,"minecraft:shield":3,"epicpaladins:bloodstone_pickaxe":1,"minecraft:stick":108,"minecraft:iron_ingot":81,"minecraft:iron_pickaxe":1,"minecraft:wooden_axe":1,"minecraft:gold_ingot":2,"minecraft:torch":284}},"DataVersion":3465}