{"stats":{"minecraft:killed":{"minecraft:husk":1,"ad_astra:zombified_pygro":2,"man:managgresive":1,"whispering_spirits:whispering_spirit":1,"minecraft:spider":1,"man:manfromthefog":1,"alexscaves:nucleeper":1,"ad_astra:pygro":3,"alexscaves:tremorzilla":1,"man:manfromthefogback":1,"cave_dweller:cave_dweller":1},"minecraft:picked_up":{"minecraft:andesite":16,"alexscaves:azure_neodymium_ingot":4,"alexscaves:tectonic_shard":5,"alexscaves:music_disc_fusion":1,"minecraft:raw_copper":3,"alexscaves:scarlet_neodymium_ingot":3,"alexscaves:dinosaur_chop":7,"minecraft:cobbled_deepslate":7,"minecraft:raw_iron":2,"minecraft:sandstone":12,"minecraft:gravel":1,"minecraft:sand":9,"minecraft:diorite":13,"minecraft:granite":5,"minecraft:cobblestone":131},"minecraft:used":{"alexscaves:quarry_smasher":4,"minecraft:netherite_sword":5,"whispering_spirits:whispering_spirit_spawn_egg":3,"alexscaves:spawn_egg_atlatitan":1,"alexscaves:spawn_egg_tremorzilla":1,"alexscaves:spawn_egg_gammaroach":1,"cave_dweller:cave_dweller_spawn_egg":3,"alexscaves:spawn_egg_luxtructosaurus":1,"minecraft:sandstone":2,"minecraft:redstone_block":2,"minecraft:netherrack":10,"man:manfromthefog_spawn_egg":2,"alexscaves:spawn_egg_nucleeper":2,"ad_astra:tier_4_rocket":5,"alexscaves:siren_light":11,"minecraft:lightning_rod":1,"ad_astra:solar_panel":1,"minecraft:redstone_torch":9,"alexscaves:spawn_egg_brainiac":1,"alexscaves:spawn_egg_tremorsaurus":2,"alexscaves:remote_detonator":4,"man:manfromthefogback_spawn_egg":2,"alexscaves:nuclear_siren":35,"ad_astra:launch_pad":3,"alexscaves:tesla_bulb":7,"alexscaves:spawn_egg_raycat":1,"alexscaves:spawn_egg_radgill":1,"alexscaves:nuclear_furnace_component":2,"alexscaves:music_disc_fusion":1,"minecraft:gold_block":10,"alexscaves:magnetic_light":2,"alexscaves:nuclear_bomb":3,"minecraft:jukebox":1,"minecraft:splash_potion":1},"minecraft:custom":{"minecraft:mob_kills":14,"minecraft:play_record":1,"minecraft:open_barrel":1,"minecraft:leave_game":5,"minecraft:time_since_death":136291,"minecraft:time_since_rest":136291,"minecraft:sprint_one_cm":28808,"minecraft:damage_taken":215,"minecraft:walk_one_cm":41274,"minecraft:drop":152,"minecraft:damage_dealt":6354,"minecraft:fly_one_cm":847553,"minecraft:player_kills":1,"minecraft:open_chest":5,"minecraft:crouch_one_cm":71,"minecraft:play_time":136291,"minecraft:sneak_time":795,"minecraft:walk_under_water_one_cm":17466,"minecraft:jump":166,"minecraft:walk_on_water_one_cm":3644,"minecraft:total_world_time":136291,"minecraft:fall_one_cm":335},"minecraft:dropped":{"ad_astra:launch_pad":1,"ad_astra:jet_suit_pants":2,"ad_astra:jet_suit_boots":1,"minecraft:netherite_sword":2,"minecraft:netherite_helmet":1,"minecraft:netherite_chestplate":1,"ad_astra:space_pants":2,"minecraft:cobblestone":128,"alexscaves:spawn_egg_nucleeper":1,"ad_astra:space_boots":3,"minecraft:enchanted_golden_apple":64,"alexscaves:spawn_egg_luxtructosaurus":1,"ad_astra:jet_suit":4,"alexscaves:tectonic_shard":5,"travelersbackpack:standard":1,"minecraft:totem_of_undying":9,"alexscaves:spawn_egg_tremorzilla":1,"ad_astra:tier_4_rocket":1,"alexscaves:siren_light":1,"minecraft:netherite_leggings":1,"minecraft:flint_and_steel":2,"minecraft:diorite":5,"alexscaves:dinosaur_chop":7,"minecraft:andesite":5,"ad_astra:space_suit":5,"minecraft:netherite_boots":1,"alexscaves:guano_layer":1,"minecraft:sandstone":13,"minecraft:sand":9,"ad_astra:space_helmet":4,"alexscaves:music_disc_fusion":1}},"DataVersion":3465}