{"stats":{"minecraft:picked_up":{"minecraft:crafting_table":12,"minecraft:wheat":1,"minecraft:stone_slab":1,"minecraft:smithing_table":3,"minecraft:brown_mushroom":142,"minecraft:wooden_pickaxe":1,"minecraft:brewing_stand":9,"minecraft:shield":2,"minecraft:string":28,"minecraft:flint_and_steel":6,"minecraft:iron_shovel":1,"minecraft:cobbled_deepslate":7,"minecraft:beef":14,"minecraft:iron_pickaxe":4,"minecraft:light_gray_wool":2,"minecraft:melon_slice":102,"minecraft:chest":1,"minecraft:furnace":6,"minecraft:iron_boots":5,"minecraft:egg":2,"minecraft:stick":44,"minecraft:raw_iron":61,"minecraft:stone":44,"minecraft:torch":146,"minecraft:bowl":4,"minecraft:diorite":128,"man:redcandle":4,"minecraft:stone_sword":4,"minecraft:arrow":2,"minecraft:rotten_flesh":5,"create:scoria":2,"minecraft:hay_block":24,"create:asurine":11,"minecraft:white_wool":79,"minecraft:cobblestone":1588,"minecraft:birch_log":2,"minecraft:pink_petals":4,"minecraft:leather_chestplate":3,"minecraft:cooked_beef":7,"minecraft:andesite":85,"minecraft:leather":22,"minecraft:smoker":4,"minecraft:red_mushroom":232,"minecraft:mushroom_stew":1,"minecraft:flint":1,"minecraft:oak_log":208,"minecraft:lapis_lazuli":90,"minecraft:paper":10,"minecraft:dirt":27,"man:cassette_1safetyinstructions":6,"minecraft:cooked_mutton":146,"minecraft:glass":7,"minecraft:coast_armor_trim_smithing_template":8,"minecraft:bone":1,"minecraft:stone_bricks":1,"minecraft:bow":4,"minecraft:wheat_seeds":9,"minecraft:raw_gold":12,"minecraft:iron_ingot":12,"minecraft:stone_pickaxe":8,"minecraft:mossy_stone_bricks":1,"minecraft:stone_hoe":1,"minecraft:oak_planks":4,"minecraft:cooked_porkchop":52,"minecraft:dandelion":1,"minecraft:gravel":18,"justhammers:iron_hammer":5,"minecraft:sand":40,"justhammers:stone_hammer":11,"minecraft:mossy_stone_brick_slab":1,"travelersbackpack:white_sleeping_bag":10,"travelersbackpack:standard":3,"minecraft:diamond":4,"minecraft:stone_axe":1,"minecraft:granite":23,"minecraft:gray_wool":1,"minecraft:emerald":12,"minecraft:bread":23,"minecraft:oak_sapling":4,"minecraft:netherrack":7,"minecraft:coal":259},"minecraft:broken":{"minecraft:flint_and_steel":1,"minecraft:stone_axe":1},"minecraft:crafted":{"minecraft:oak_planks":84,"minecraft:stone_shovel":1,"vanillaplustools:stone_hammer":1,"travelersbackpack:crafting_upgrade":1,"minecraft:furnace":3,"minecraft:stone":19,"minecraft:mushroom_stew":2,"travelersbackpack:blank_upgrade":4,"minecraft:flint_and_steel":1,"minecraft:glass":40,"travelersbackpack:white_sleeping_bag":1,"minecraft:iron_boots":1,"minecraft:stone_pickaxe":11,"minecraft:chest":2,"minecraft:wheat":54,"minecraft:crafting_table":2,"travelersbackpack:backpack_tank":4,"travelersbackpack:standard":2,"minecraft:wooden_pickaxe":1,"minecraft:bowl":4,"minecraft:smithing_table":1,"minecraft:bucket":1,"minecraft:birch_planks":8,"minecraft:stone_axe":2,"minecraft:bread":27,"minecraft:air":0,"minecraft:oak_boat":1,"justhammers:iron_hammer":1,"justhammers:stone_hammer":4,"minecraft:shield":1,"minecraft:stick":92,"minecraft:iron_ingot":36,"minecraft:iron_pickaxe":1,"minecraft:stone_sword":1,"minecraft:gold_ingot":6,"minecraft:torch":112},"minecraft:used":{"minecraft:stone_sword":50,"minecraft:flint_and_steel":83,"minecraft:stone_shovel":40,"minecraft:chest":1,"minecraft:shield":7,"minecraft:rotten_flesh":3,"minecraft:torch":109,"minecraft:dirt":18,"minecraft:iron_boots":1,"minecraft:oak_sapling":4,"minecraft:furnace":6,"minecraft:egg":2,"minecraft:cobbled_deepslate":1,"minecraft:cooked_mutton":5,"minecraft:stone_pickaxe":117,"minecraft:wooden_pickaxe":12,"minecraft:crafting_table":12,"minecraft:mushroom_stew":2,"justhammers:iron_hammer":4,"minecraft:bread":9,"minecraft:iron_pickaxe":43,"travelersbackpack:white_sleeping_bag":6,"minecraft:gravel":16,"justhammers:stone_hammer":135,"minecraft:stone_axe":167,"travelersbackpack:standard":8,"minecraft:cobblestone":204,"minecraft:cooked_porkchop":9,"minecraft:smithing_table":4,"minecraft:bucket":3,"minecraft:oak_boat":1,"minecraft:experience_bottle":1},"minecraft:mined":{"minecraft:dark_oak_leaves":1,"minecraft:deepslate_diamond_ore":3,"minecraft:mossy_stone_brick_slab":1,"minecraft:brewing_stand":3,"minecraft:grass_block":6,"minecraft:brown_mushroom_block":88,"travelersbackpack:white_sleeping_bag":4,"minecraft:hay_block":6,"minecraft:furnace":5,"minecraft:iron_ore":8,"minecraft:fire":60,"minecraft:mossy_stone_brick_stairs":2,"minecraft:stone":104,"minecraft:smithing_table":3,"minecraft:glass_pane":1,"minecraft:smoker":1,"minecraft:stone_brick_slab":1,"travelersbackpack:standard":3,"minecraft:crafting_table":12,"minecraft:torch":5,"minecraft:melon":20,"man:redcandle":4,"minecraft:chest":1,"minecraft:mushroom_stem":29,"minecraft:tall_grass":1,"minecraft:cobblestone":7,"minecraft:wall_torch":2,"minecraft:pink_petals":1,"minecraft:wheat":1,"minecraft:birch_leaves":3,"minecraft:grass":44,"minecraft:oak_log":36,"minecraft:coal_ore":17,"minecraft:gravel":24,"minecraft:sand":40,"minecraft:dirt":12,"minecraft:cracked_stone_bricks":1,"minecraft:stone_bricks":2,"minecraft:red_mushroom_block":171,"minecraft:netherrack":2,"minecraft:mossy_stone_bricks":1,"minecraft:oak_leaves":23,"minecraft:deepslate":3,"minecraft:fern":2},"minecraft:dropped":{"minecraft:stone_hoe":1,"minecraft:iron_ingot":1,"minecraft:wheat_seeds":6,"minecraft:cobblestone":345,"man:cassette_1safetyinstructions":1,"minecraft:granite":23,"minecraft:stick":4,"minecraft:gray_wool":1,"minecraft:diorite":192,"minecraft:iron_shovel":1,"minecraft:paper":4,"minecraft:pink_petals":4,"minecraft:dandelion":1,"minecraft:bone":1,"minecraft:gravel":2,"minecraft:stone_axe":1,"minecraft:iron_nugget":2,"minecraft:cobbled_deepslate":6,"minecraft:bowl":3,"minecraft:wheat":2,"minecraft:rotten_flesh":1,"minecraft:light_gray_wool":2,"minecraft:oak_planks":3,"minecraft:smoker":1,"minecraft:mossy_stone_brick_slab":1,"minecraft:stone_slab":1,"create:asurine":11,"justhammers:stone_hammer":2,"minecraft:stone":9,"minecraft:andesite":78,"minecraft:mossy_stone_bricks":1,"minecraft:leather_boots":2,"vanillaplustools:stone_hammer":1,"minecraft:stone_bricks":1,"minecraft:bow":1,"minecraft:arrow":2,"minecraft:wooden_pickaxe":1,"minecraft:netherrack":7},"minecraft:custom":{"minecraft:interact_with_smithing_table":6,"minecraft:mob_kills":18,"minecraft:interact_with_crafting_table":41,"minecraft:bell_ring":1,"minecraft:leave_game":4,"minecraft:time_since_death":50861,"minecraft:climb_one_cm":1418,"minecraft:sprint_one_cm":523475,"minecraft:walk_one_cm":169256,"minecraft:damage_blocked_by_shield":390,"minecraft:drop":67,"minecraft:play_time":152251,"minecraft:deaths":8,"minecraft:sneak_time":5331,"minecraft:walk_under_water_one_cm":2535,"minecraft:boat_one_cm":1755,"minecraft:jump":2194,"minecraft:walk_on_water_one_cm":10560,"minecraft:total_world_time":152251,"minecraft:interact_with_furnace":36,"minecraft:sleep_in_bed":6,"minecraft:time_since_rest":12961,"minecraft:damage_taken":3058,"minecraft:damage_dealt":3032,"minecraft:swim_one_cm":16396,"minecraft:fly_one_cm":379048,"minecraft:open_chest":33,"minecraft:crouch_one_cm":13771,"minecraft:fall_one_cm":45814},"minecraft:killed_by":{"minecraft:player":1,"minecraft:wolf":1,"minecraft:creeper":1,"minecraft:iron_golem":2,"sanitydim:rotting_stalker":1,"man:managgresive":1},"minecraft:killed":{"minecraft:spider":2,"minecraft:skeleton":2,"minecraft:zombie":5,"minecraft:cow":7,"minecraft:enderman":1}},"DataVersion":3465}