{"stats":{"minecraft:crafted":{"minecraft:oak_planks":144,"minecraft:stone_shovel":2,"vanillaplustools:stone_hammer":1,"travelersbackpack:crafting_upgrade":1,"minecraft:furnace":3,"minecraft:stone":19,"minecraft:mushroom_stew":2,"travelersbackpack:blank_upgrade":4,"travelersbackpack:gold_tier_upgrade":1,"minecraft:flint_and_steel":1,"minecraft:glass":40,"travelersbackpack:white_sleeping_bag":1,"minecraft:iron_boots":1,"minecraft:iron_hoe":1,"minecraft:stone_pickaxe":11,"minecraft:chest":2,"minecraft:wheat":54,"travelersbackpack:iron_tier_upgrade":1,"minecraft:crafting_table":3,"travelersbackpack:backpack_tank":4,"minecraft:wooden_pickaxe":1,"travelersbackpack:standard":4,"minecraft:smithing_table":1,"minecraft:bowl":4,"minecraft:bucket":1,"minecraft:birch_planks":8,"minecraft:stone_axe":2,"minecraft:bread":27,"minecraft:air":0,"minecraft:oak_boat":2,"travelersbackpack:emerald":1,"justhammers:iron_hammer":1,"justhammers:stone_hammer":4,"minecraft:shield":1,"minecraft:stick":96,"minecraft:iron_ingot":39,"minecraft:iron_pickaxe":1,"minecraft:stone_sword":1,"minecraft:gold_ingot":6,"minecraft:torch":112},"minecraft:mined":{"minecraft:red_carpet":2,"minecraft:dark_oak_leaves":1,"minecraft:deepslate_diamond_ore":3,"minecraft:mossy_stone_brick_slab":1,"minecraft:brewing_stand":3,"minecraft:grass_block":6,"minecraft:brown_mushroom_block":88,"travelersbackpack:white_sleeping_bag":4,"minecraft:hay_block":36,"minecraft:tall_seagrass":1,"minecraft:furnace":5,"minecraft:iron_ore":8,"minecraft:fire":60,"minecraft:mossy_stone_brick_stairs":2,"minecraft:bamboo":2,"minecraft:stone":123,"minecraft:smithing_table":5,"minecraft:glass_pane":1,"minecraft:smoker":1,"minecraft:stone_brick_slab":1,"travelersbackpack:standard":5,"minecraft:torch":5,"minecraft:crafting_table":13,"minecraft:melon":20,"minecraft:chest":1,"man:redcandle":4,"minecraft:mushroom_stem":29,"minecraft:tall_grass":1,"minecraft:cobblestone":27,"minecraft:grindstone":1,"minecraft:diorite":2,"minecraft:wall_torch":2,"minecraft:pink_petals":1,"minecraft:wheat":3,"minecraft:birch_leaves":3,"minecraft:grass":45,"minecraft:oak_log":36,"minecraft:coal_ore":17,"minecraft:gravel":24,"minecraft:dirt":12,"minecraft:sand":107,"minecraft:cracked_stone_bricks":1,"minecraft:red_mushroom_block":171,"minecraft:stone_bricks":2,"minecraft:netherrack":2,"minecraft:mossy_stone_bricks":1,"minecraft:oak_leaves":23,"minecraft:deepslate":3,"minecraft:fern":2},"minecraft:killed":{"minecraft:spider":2,"minecraft:skeleton":2,"minecraft:zombie":5,"minecraft:enderman":1,"minecraft:cow":7},"minecraft:used":{"minecraft:stone_sword":53,"minecraft:flint_and_steel":83,"minecraft:stone_shovel":86,"minecraft:chest":1,"minecraft:shield":7,"minecraft:rotten_flesh":3,"minecraft:torch":114,"minecraft:dirt":22,"minecraft:iron_hoe":23,"minecraft:iron_boots":1,"minecraft:red_carpet":2,"minecraft:oak_sapling":4,"minecraft:furnace":6,"minecraft:egg":2,"minecraft:cobbled_deepslate":1,"minecraft:wheat_seeds":1,"minecraft:cooked_mutton":6,"minecraft:water_bucket":17,"minecraft:diorite":2,"minecraft:stone_pickaxe":117,"minecraft:wooden_pickaxe":12,"minecraft:sand":52,"minecraft:golden_hoe":9,"minecraft:mushroom_stew":2,"minecraft:crafting_table":13,"justhammers:iron_hammer":4,"minecraft:bread":9,"minecraft:iron_pickaxe":85,"travelersbackpack:white_sleeping_bag":6,"minecraft:gravel":16,"justhammers:stone_hammer":135,"minecraft:stone_axe":170,"travelersbackpack:standard":12,"minecraft:cobblestone":264,"minecraft:cooked_porkchop":10,"minecraft:smithing_table":5,"minecraft:bucket":21,"minecraft:oak_boat":3,"minecraft:experience_bottle":1},"minecraft:broken":{"minecraft:flint_and_steel":1,"minecraft:stone_axe":1},"minecraft:picked_up":{"minecraft:crafting_table":13,"minecraft:wheat":1,"minecraft:smithing_table":5,"minecraft:brown_mushroom":142,"minecraft:stone_slab":1,"minecraft:wooden_pickaxe":1,"minecraft:brewing_stand":9,"minecraft:shield":2,"minecraft:string":28,"minecraft:flint_and_steel":6,"minecraft:iron_shovel":1,"minecraft:cobbled_deepslate":7,"minecraft:beef":14,"minecraft:oak_boat":2,"minecraft:iron_pickaxe":4,"minecraft:light_gray_wool":2,"minecraft:melon_slice":102,"minecraft:chest":1,"minecraft:furnace":6,"minecraft:iron_boots":5,"minecraft:egg":2,"minecraft:stick":44,"minecraft:raw_iron":61,"minecraft:stone":44,"minecraft:torch":146,"minecraft:bowl":4,"minecraft:diorite":130,"minecraft:stone_sword":4,"man:redcandle":4,"minecraft:arrow":2,"minecraft:rotten_flesh":5,"create:scoria":2,"minecraft:hay_block":54,"create:asurine":11,"minecraft:white_wool":79,"minecraft:cobblestone":1627,"minecraft:birch_log":2,"minecraft:pink_petals":4,"minecraft:leather_chestplate":3,"minecraft:cooked_beef":7,"minecraft:andesite":85,"minecraft:leather":22,"minecraft:smoker":4,"minecraft:red_mushroom":232,"minecraft:mushroom_stew":1,"minecraft:flint":1,"minecraft:oak_log":208,"minecraft:lapis_lazuli":90,"minecraft:dirt":27,"minecraft:paper":10,"man:cassette_1safetyinstructions":6,"minecraft:cooked_mutton":146,"minecraft:coast_armor_trim_smithing_template":8,"minecraft:red_carpet":2,"minecraft:glass":7,"minecraft:bone":1,"minecraft:stone_bricks":1,"minecraft:bow":4,"minecraft:wheat_seeds":10,"minecraft:raw_gold":12,"minecraft:iron_ingot":12,"minecraft:grindstone":1,"minecraft:stone_pickaxe":8,"minecraft:mossy_stone_bricks":1,"minecraft:bamboo":1,"minecraft:stone_hoe":1,"minecraft:oak_planks":4,"minecraft:cooked_porkchop":52,"minecraft:dandelion":1,"minecraft:gravel":18,"justhammers:iron_hammer":5,"minecraft:sand":101,"justhammers:stone_hammer":11,"minecraft:mossy_stone_brick_slab":1,"travelersbackpack:white_sleeping_bag":10,"travelersbackpack:standard":5,"minecraft:diamond":4,"minecraft:stone_axe":1,"minecraft:granite":23,"minecraft:gray_wool":1,"minecraft:bread":23,"minecraft:emerald":12,"minecraft:oak_sapling":4,"minecraft:netherrack":7,"minecraft:coal":259},"minecraft:killed_by":{"minecraft:player":1,"minecraft:wolf":1,"minecraft:creeper":1,"minecraft:iron_golem":2,"sanitydim:rotting_stalker":1,"man:managgresive":1},"minecraft:custom":{"minecraft:interact_with_smithing_table":9,"minecraft:mob_kills":18,"minecraft:interact_with_crafting_table":42,"minecraft:bell_ring":1,"minecraft:leave_game":11,"minecraft:time_since_death":103354,"minecraft:climb_one_cm":1418,"minecraft:sprint_one_cm":549539,"minecraft:walk_one_cm":183506,"minecraft:damage_blocked_by_shield":390,"minecraft:drop":74,"minecraft:talked_to_villager":2,"minecraft:play_time":204744,"minecraft:deaths":8,"minecraft:sneak_time":7258,"minecraft:walk_under_water_one_cm":8164,"minecraft:boat_one_cm":293940,"minecraft:jump":2363,"minecraft:interact_with_blast_furnace":1,"minecraft:walk_on_water_one_cm":16476,"minecraft:total_world_time":204744,"minecraft:interact_with_furnace":36,"minecraft:sleep_in_bed":9,"minecraft:time_since_rest":20278,"minecraft:damage_taken":3118,"minecraft:damage_dealt":3032,"minecraft:swim_one_cm":26275,"minecraft:fly_one_cm":406862,"minecraft:open_chest":42,"minecraft:crouch_one_cm":17500,"minecraft:fall_one_cm":47546},"minecraft:dropped":{"minecraft:stone_hoe":1,"minecraft:iron_ingot":1,"minecraft:wheat_seeds":6,"minecraft:cobblestone":345,"man:cassette_1safetyinstructions":1,"minecraft:granite":23,"minecraft:stick":4,"minecraft:gray_wool":1,"minecraft:diorite":192,"minecraft:fire_charge":1,"minecraft:sand":8,"minecraft:iron_shovel":1,"minecraft:paper":4,"minecraft:pink_petals":4,"minecraft:dandelion":1,"minecraft:bone":1,"minecraft:gravel":2,"minecraft:stone_axe":1,"minecraft:compass":1,"minecraft:iron_nugget":10,"minecraft:cobbled_deepslate":6,"minecraft:bowl":3,"minecraft:wheat":2,"minecraft:rotten_flesh":1,"minecraft:light_gray_wool":2,"minecraft:oak_planks":3,"minecraft:smoker":1,"minecraft:mossy_stone_brick_slab":1,"minecraft:stone_slab":1,"create:asurine":11,"minecraft:filled_map":1,"minecraft:leather_chestplate":1,"justhammers:stone_hammer":2,"minecraft:stone":9,"minecraft:andesite":78,"minecraft:mossy_stone_bricks":1,"minecraft:leather_boots":2,"vanillaplustools:stone_hammer":1,"minecraft:stone_bricks":1,"minecraft:bamboo":1,"minecraft:bow":1,"minecraft:arrow":2,"minecraft:wooden_pickaxe":1,"minecraft:netherrack":7}},"DataVersion":3465}