{"stats":{"minecraft:dropped":{"minecraft:stone_hoe":1,"minecraft:cracked_polished_blackstone_bricks":4,"minecraft:oak_stairs":1,"minecraft:gold_nugget":4,"minecraft:polished_blackstone_bricks":30,"minecraft:gold_ingot":5,"minecraft:gravel":4,"minecraft:stone_axe":1,"minecraft:blackstone":10,"minecraft:stone_shovel":1,"minecraft:white_bed":1,"minecraft:flint_and_steel":1,"minecraft:stone_pickaxe":1,"minecraft:wooden_pickaxe":1,"minecraft:quartz":1},"minecraft:crafted":{"minecraft:oak_planks":268,"minecraft:stone_shovel":1,"minecraft:flint_and_steel":2,"minecraft:stone_pickaxe":1,"minecraft:chest":1,"minecraft:stone_hoe":1,"minecraft:wheat":99,"minecraft:crafting_table":3,"minecraft:wooden_pickaxe":1,"epicpaladins:arclight_axe":1,"minecraft:bucket":2,"minecraft:stone_axe":2,"minecraft:bread":33,"minecraft:iron_chestplate":1,"minecraft:golden_leggings":1,"minecraft:shield":1,"epicpaladins:bloodstone_pickaxe":1,"minecraft:stick":24,"minecraft:iron_ingot":18,"minecraft:gold_ingot":37},"minecraft:custom":{"minecraft:mob_kills":12,"minecraft:interact_with_crafting_table":21,"minecraft:leave_game":2,"minecraft:time_since_death":90445,"minecraft:sprint_one_cm":168056,"minecraft:walk_one_cm":207606,"minecraft:damage_blocked_by_shield":260,"minecraft:drop":22,"minecraft:talked_to_villager":2,"minecraft:play_time":90445,"minecraft:sneak_time":12352,"minecraft:walk_under_water_one_cm":1625,"minecraft:jump":1300,"minecraft:walk_on_water_one_cm":1016,"minecraft:total_world_time":90445,"minecraft:sleep_in_bed":5,"minecraft:time_since_rest":60163,"minecraft:damage_taken":1169,"minecraft:damage_dealt":3660,"minecraft:fly_one_cm":175078,"minecraft:swim_one_cm":56,"minecraft:player_kills":1,"minecraft:open_chest":18,"minecraft:crouch_one_cm":54740,"minecraft:fall_one_cm":35096},"minecraft:picked_up":{"minecraft:crafting_table":6,"minecraft:yellow_wool":6,"minecraft:wooden_pickaxe":2,"minecraft:oak_stairs":2,"minecraft:brewing_stand":2,"minecraft:flint_and_steel":1,"epicpaladins:bloodstone_gem":3,"minecraft:blackstone":16,"minecraft:gold_nugget":94,"minecraft:cobbled_deepslate":45,"minecraft:poppy":1,"minecraft:sugar_cane":12,"minecraft:chest":1,"minecraft:egg":2,"minecraft:stick":9,"epicpaladins:arclight_gem":3,"minecraft:torch":8,"minecraft:polished_blackstone_bricks":44,"epicpaladins:moonlight_gem":26,"minecraft:weeping_vines":6,"minecraft:hay_block":46,"minecraft:gold_ingot":2,"minecraft:obsidian":2,"minecraft:cobblestone":89,"minecraft:white_wool":6,"minecraft:bone_block":10,"minecraft:stripped_oak_log":8,"minecraft:magma_block":7,"travelersbackpack:ghast":1,"minecraft:crimson_stem":8,"minecraft:birch_planks":108,"minecraft:flint":2,"minecraft:tuff":10,"minecraft:oak_log":221,"minecraft:yellow_bed":2,"minecraft:dirt":5,"minecraft:bone":4,"minecraft:apple":4,"minecraft:bell":2,"minecraft:iron_ingot":17,"minecraft:stone_pickaxe":1,"minecraft:glowstone_dust":33,"minecraft:oak_planks":34,"minecraft:soul_sand":2,"minecraft:ghast_tear":1,"minecraft:pumpkin":4,"minecraft:quartz":1,"minecraft:dandelion":4,"minecraft:gravel":43,"minecraft:white_bed":3,"minecraft:spectral_arrow":9,"minecraft:stone_axe":1,"minecraft:cracked_polished_blackstone_bricks":13,"minecraft:oak_sapling":19,"minecraft:netherrack":445},"minecraft:killed":{"minecraft:skeleton":1,"minecraft:piglin_brute":4,"minecraft:piglin":5,"minecraft:zombie":1,"minecraft:ghast":1},"minecraft:used":{"epicpaladins:bloodstone_pickaxe":855,"minecraft:flint_and_steel":84,"minecraft:stone_shovel":13,"minecraft:bone_block":1,"minecraft:chest":2,"minecraft:shield":8,"minecraft:stone_hoe":47,"minecraft:netherrack":434,"minecraft:iron_chestplate":1,"minecraft:torch":6,"minecraft:dirt":5,"minecraft:obsidian":2,"minecraft:lava_bucket":9,"minecraft:oak_stairs":1,"minecraft:glowstone":1,"minecraft:golden_carrot":2,"minecraft:magma_block":7,"minecraft:water_bucket":14,"minecraft:birch_planks":99,"minecraft:stone_pickaxe":16,"minecraft:oak_planks":236,"minecraft:blackstone":6,"minecraft:wooden_pickaxe":4,"minecraft:polished_blackstone_bricks":5,"minecraft:crafting_table":9,"minecraft:crossbow":6,"minecraft:white_bed":1,"epicpaladins:arclight_axe":181,"travelersbackpack:ghast":2,"minecraft:oak_log":29,"minecraft:apple":3,"minecraft:diamond_shovel":21,"minecraft:cracked_polished_blackstone_bricks":6,"minecraft:bread":21,"minecraft:gravel":39,"minecraft:golden_leggings":1,"minecraft:stone_axe":135,"minecraft:cobblestone":69,"minecraft:cooked_porkchop":2,"minecraft:bucket":24},"minecraft:broken":{"minecraft:flint_and_steel":1,"minecraft:stone_axe":1},"minecraft:mined":{"minecraft:nether_gold_ore":21,"minecraft:white_bed":2,"minecraft:brewing_stand":1,"minecraft:obsidian":1,"minecraft:grass_block":5,"minecraft:cracked_polished_blackstone_bricks":27,"minecraft:weeping_vines":1,"minecraft:crimson_stem":7,"minecraft:gilded_blackstone":2,"minecraft:hay_block":46,"minecraft:polished_blackstone_bricks":66,"minecraft:weeping_vines_plant":7,"epicpaladins:moonlight_ore":26,"minecraft:magma_block":8,"minecraft:glowstone":11,"minecraft:fire":13,"minecraft:pumpkin":4,"minecraft:bell":1,"minecraft:oak_stairs":2,"minecraft:stripped_oak_log":8,"minecraft:stone":34,"minecraft:bone_block":10,"minecraft:white_wool":3,"minecraft:glass_pane":1,"minecraft:soul_sand":2,"minecraft:blackstone":44,"minecraft:crimson_nylium":16,"minecraft:soul_fire":1,"minecraft:basalt":9,"minecraft:dandelion":4,"minecraft:crafting_table":6,"minecraft:torch":3,"minecraft:blackstone_slab":1,"minecraft:poppy":1,"minecraft:chest":1,"minecraft:nether_quartz_ore":1,"minecraft:cobblestone":49,"minecraft:sugar_cane":8,"minecraft:oak_planks":33,"minecraft:wall_torch":2,"minecraft:birch_planks":58,"minecraft:yellow_wool":3,"minecraft:yellow_bed":1,"minecraft:grass":6,"minecraft:oak_log":155,"minecraft:gravel":33,"minecraft:netherrack":549,"minecraft:oak_leaves":13}},"DataVersion":3465}