{"stats":{"minecraft:custom":{"minecraft:time_since_rest":12366,"minecraft:interact_with_furnace":4,"minecraft:sprint_one_cm":26261,"minecraft:damage_taken":215,"minecraft:walk_one_cm":31349,"minecraft:mob_kills":8,"minecraft:drop":2,"minecraft:damage_dealt":1402,"minecraft:interact_with_crafting_table":5,"minecraft:fly_one_cm":31285,"minecraft:crouch_one_cm":1399,"minecraft:play_time":12366,"minecraft:sneak_time":246,"minecraft:jump":263,"minecraft:leave_game":1,"minecraft:time_since_death":12366,"minecraft:total_world_time":12366,"minecraft:fall_one_cm":7319},"minecraft:killed":{"minecraft:skeleton":1,"minecraft:zombie":5,"minecraft:cow":2},"minecraft:mined":{"minecraft:iron_ore":2,"minecraft:birch_leaves":1,"minecraft:torch":1,"minecraft:coal_ore":20,"minecraft:grass_block":5,"minecraft:oak_log":61,"minecraft:dirt":10,"minecraft:stone":40,"minecraft:oak_leaves":13},"minecraft:crafted":{"minecraft:cooked_beef":5,"minecraft:oak_planks":20,"minecraft:crafting_table":2,"minecraft:stick":16,"minecraft:wooden_pickaxe":1,"minecraft:stone_pickaxe":1,"minecraft:stone_sword":1,"minecraft:furnace":1,"minecraft:torch":16,"minecraft:stone_axe":1,"minecraft:air":0},"minecraft:dropped":{"minecraft:stone_sword":1,"minecraft:oak_sapling":1},"minecraft:picked_up":{"minecraft:stick":1,"minecraft:raw_iron":2,"minecraft:leather":2,"minecraft:torch":1,"minecraft:oak_log":61,"minecraft:dirt":15,"minecraft:bone":2,"minecraft:iron_shovel":1,"minecraft:arrow":1,"minecraft:rotten_flesh":3,"minecraft:apple":1,"minecraft:beef":6,"minecraft:oak_sapling":5,"minecraft:coal":20,"minecraft:cobblestone":40},"minecraft:used":{"minecraft:stone_pickaxe":59,"minecraft:wooden_pickaxe":3,"minecraft:rotten_flesh":3,"minecraft:torch":1,"minecraft:stone_axe":78,"minecraft:dirt":15,"minecraft:cobblestone":10,"minecraft:crafting_table":2,"minecraft:furnace":1,"minecraft:oak_sapling":2,"minecraft:cooked_beef":2}},"DataVersion":3465}