{"stats":{"minecraft:picked_up":{"minecraft:charcoal":11,"minecraft:iron_chestplate":2,"minecraft:crafting_table":14,"minecraft:wheat":2,"minecraft:smithing_table":3,"minecraft:wooden_pickaxe":1,"minecraft:gilded_blackstone":3,"minecraft:shield":2,"minecraft:polished_blackstone_brick_stairs":1,"minecraft:string":22,"minecraft:flint_and_steel":1,"travelersbackpack:diamond":6,"minecraft:iron_leggings":2,"minecraft:iron_shovel":6,"minecraft:blackstone":226,"minecraft:cartography_table":2,"minecraft:gold_nugget":8,"minecraft:cobbled_deepslate":459,"minecraft:bucket":1,"minecraft:beef":33,"minecraft:oak_boat":8,"minecraft:poppy":2,"minecraft:iron_pickaxe":3,"minecraft:sugar_cane":8,"minecraft:birch_sapling":1,"minecraft:furnace":9,"minecraft:egg":1,"minecraft:blue_wool":1,"minecraft:raw_iron":152,"minecraft:stick":34,"minecraft:torch":22,"minecraft:fire_charge":1,"minecraft:polished_blackstone_bricks":65,"minecraft:porkchop":9,"minecraft:pointed_dripstone":4,"minecraft:diorite":4,"minecraft:redstone":268,"minecraft:iron_horse_armor":1,"minecraft:arrow":43,"man:redcandle":8,"minecraft:rotten_flesh":40,"create:scoria":3,"create:ochrum":5,"create:veridium":3,"minecraft:gold_ingot":57,"minecraft:obsidian":16,"minecraft:mutton":8,"minecraft:rail":28,"minecraft:cobblestone":345,"minecraft:white_wool":15,"minecraft:basalt":10,"minecraft:cooked_beef":17,"minecraft:andesite":4,"minecraft:cut_sandstone":4,"minecraft:leather":23,"minecraft:smoker":6,"minecraft:flint":3,"minecraft:crimson_fungus":12,"minecraft:tuff":61,"minecraft:oak_log":189,"minecraft:golden_boots":2,"minecraft:gunpowder":3,"minecraft:lapis_lazuli":115,"minecraft:paper":2,"minecraft:dirt":33,"minecraft:cooked_mutton":3,"minecraft:smooth_sandstone":5,"minecraft:bone":5,"minecraft:apple":2,"minecraft:bow":1,"minecraft:stonecutter":1,"minecraft:wheat_seeds":5,"minecraft:raw_gold":50,"minecraft:bell":1,"minecraft:stone_pickaxe":5,"minecraft:iron_ingot":30,"minecraft:grindstone":10,"minecraft:soul_sand":20,"minecraft:oak_planks":27,"minecraft:stone_hoe":3,"minecraft:smooth_basalt":4,"minecraft:quartz":34,"minecraft:gravel":49,"minecraft:raw_iron_block":4,"minecraft:dripstone_block":7,"minecraft:sand":69,"minecraft:blast_furnace":1,"justhammers:stone_hammer":2,"minecraft:ink_sac":2,"justhammers:diamond_hammer":1,"minecraft:white_bed":18,"minecraft:crying_obsidian":2,"minecraft:spectral_arrow":21,"travelersbackpack:white_sleeping_bag":1,"minecraft:diamond_shovel":1,"minecraft:iron_helmet":1,"minecraft:diamond":7,"minecraft:stone_axe":7,"minecraft:cracked_polished_blackstone_bricks":23,"minecraft:crossbow":1,"minecraft:granite":2,"minecraft:netherrack":24,"minecraft:oak_sapling":16,"minecraft:melon_seeds":1,"minecraft:coal":81,"minecraft:ender_pearl":2},"minecraft:broken":{"minecraft:flint_and_steel":2,"minecraft:stone_pickaxe":2,"minecraft:stone_axe":2},"minecraft:crafted":{"minecraft:smooth_stone":3,"minecraft:oak_planks":128,"minecraft:raw_iron":18,"minecraft:furnace":5,"minecraft:blast_furnace":1,"minecraft:stone":10,"travelersbackpack:diamond":1,"minecraft:cooked_mutton":6,"minecraft:flint_and_steel":3,"minecraft:bow":1,"minecraft:iron_boots":1,"justhammers:diamond_hammer":1,"minecraft:stone_pickaxe":2,"minecraft:golden_boots":5,"minecraft:smoker":1,"minecraft:cooked_beef":20,"minecraft:deepslate":3,"minecraft:cooked_porkchop":6,"minecraft:crafting_table":9,"minecraft:iron_helmet":2,"minecraft:wooden_pickaxe":1,"minecraft:iron_sword":1,"minecraft:smithing_table":1,"minecraft:bucket":1,"minecraft:stone_axe":3,"minecraft:air":0,"minecraft:blue_dye":2,"minecraft:oak_boat":3,"minecraft:iron_chestplate":2,"minecraft:charcoal":12,"minecraft:shield":3,"justhammers:stone_hammer":2,"minecraft:stick":56,"minecraft:iron_ingot":150,"minecraft:iron_pickaxe":1,"minecraft:stone_sword":2,"minecraft:iron_leggings":2,"minecraft:gold_ingot":31,"minecraft:white_bed":1,"minecraft:torch":96},"minecraft:used":{"minecraft:stone_sword":11,"minecraft:iron_shovel":40,"minecraft:flint_and_steel":160,"create:veridium":3,"minecraft:shield":45,"minecraft:stone":1,"travelersbackpack:diamond":4,"minecraft:stone_hoe":4,"minecraft:rotten_flesh":4,"minecraft:netherrack":14,"minecraft:iron_chestplate":2,"minecraft:torch":100,"minecraft:dirt":28,"minecraft:raw_iron_block":2,"minecraft:obsidian":4,"minecraft:lava_bucket":14,"minecraft:smooth_sandstone":4,"minecraft:polished_blackstone_brick_stairs":1,"minecraft:melon_seeds":2,"minecraft:smooth_basalt":1,"minecraft:basalt":5,"minecraft:bow":8,"minecraft:furnace":9,"minecraft:oak_sapling":2,"minecraft:egg":1,"minecraft:cooked_beef":22,"minecraft:cobbled_deepslate":272,"minecraft:iron_leggings":1,"minecraft:golden_boots":2,"minecraft:wheat_seeds":4,"minecraft:cooked_mutton":9,"minecraft:water_bucket":31,"minecraft:stone_pickaxe":265,"minecraft:oak_planks":7,"minecraft:blackstone":159,"minecraft:wooden_pickaxe":4,"minecraft:sugar_cane":6,"minecraft:polished_blackstone_bricks":34,"minecraft:white_wool":1,"minecraft:glow_berries":7,"minecraft:sand":4,"justhammers:diamond_hammer":57,"minecraft:crafting_table":20,"minecraft:blast_furnace":2,"minecraft:dripstone_block":7,"minecraft:white_bed":18,"minecraft:pumpkin_seeds":1,"minecraft:smoker":4,"minecraft:apple":1,"minecraft:cracked_polished_blackstone_bricks":10,"minecraft:bread":9,"minecraft:iron_pickaxe":209,"minecraft:deepslate":3,"justhammers:stone_hammer":130,"minecraft:stone_axe":263,"minecraft:porkchop":2,"minecraft:cobblestone":184,"minecraft:cooked_porkchop":4,"minecraft:grindstone":1,"minecraft:smithing_table":4,"minecraft:bucket":55,"minecraft:andesite":1,"minecraft:oak_boat":7},"minecraft:mined":{"minecraft:tuff":11,"minecraft:white_bed":17,"minecraft:mossy_cobblestone":2,"minecraft:deepslate_diamond_ore":7,"minecraft:acacia_log":1,"minecraft:grass_block":13,"minecraft:cracked_polished_blackstone_bricks":9,"minecraft:cartography_table":1,"minecraft:polished_blackstone_bricks":31,"minecraft:raw_iron_block":3,"minecraft:furnace":9,"minecraft:cobbled_deepslate":10,"minecraft:iron_ore":3,"minecraft:fire":47,"minecraft:deepslate_lapis_ore":1,"minecraft:bell":1,"minecraft:pointed_dripstone":1,"minecraft:deepslate_iron_ore":9,"minecraft:rail":28,"minecraft:stone":125,"minecraft:white_wool":1,"travelersbackpack:gray_sleeping_bag":2,"minecraft:smithing_table":3,"minecraft:deepslate_redstone_ore":32,"minecraft:cut_sandstone":2,"minecraft:blackstone":22,"minecraft:melon_stem":1,"minecraft:smoker":4,"minecraft:basalt":8,"minecraft:smooth_sandstone":5,"minecraft:crafting_table":13,"minecraft:torch":5,"minecraft:blackstone_slab":1,"minecraft:blast_furnace":1,"man:redcandle":4,"minecraft:tall_grass":1,"minecraft:cobblestone":42,"minecraft:polished_blackstone_brick_stairs":1,"minecraft:deepslate_gold_ore":38,"minecraft:grindstone":10,"minecraft:oak_planks":9,"minecraft:sugar_cane":4,"minecraft:wall_torch":6,"travelersbackpack:diamond":4,"minecraft:wheat":8,"minecraft:birch_leaves":8,"minecraft:grass":4,"minecraft:oak_log":113,"minecraft:coal_ore":35,"minecraft:gravel":21,"minecraft:sand":49,"minecraft:dirt":20,"minecraft:cobweb":11,"minecraft:stonecutter":1,"minecraft:netherrack":7,"minecraft:gold_ore":5,"minecraft:oak_leaves":24,"minecraft:deepslate":27},"minecraft:dropped":{"minecraft:stone_hoe":2,"minecraft:golden_boots":6,"minecraft:iron_sword":1,"minecraft:wheat_seeds":1,"minecraft:cooked_porkchop":1,"minecraft:iron_helmet":1,"minecraft:cobblestone":9,"minecraft:granite":2,"minecraft:cracked_polished_blackstone_bricks":6,"minecraft:dirt":2,"minecraft:blue_dye":2,"minecraft:torch":1,"minecraft:diorite":4,"minecraft:ink_sac":2,"minecraft:cut_sandstone":4,"minecraft:iron_leggings":1,"minecraft:gilded_blackstone":2,"minecraft:sand":43,"minecraft:polished_blackstone_bricks":24,"minecraft:iron_pickaxe":1,"minecraft:iron_shovel":2,"minecraft:smooth_sandstone":1,"minecraft:white_wool":7,"minecraft:gold_ingot":44,"minecraft:smooth_basalt":3,"minecraft:gravel":25,"minecraft:crimson_fungus":12,"minecraft:stone_axe":4,"minecraft:blackstone":48,"create:ochrum":5,"minecraft:cobbled_deepslate":161,"minecraft:stone_sword":2,"minecraft:tuff":61,"minecraft:wheat":2,"minecraft:birch_sapling":1,"minecraft:rotten_flesh":23,"minecraft:white_bed":1,"minecraft:poppy":2,"justhammers:stone_hammer":3,"minecraft:shield":2,"minecraft:gunpowder":3,"create:scoria":3,"travelersbackpack:white_sleeping_bag":1,"minecraft:iron_chestplate":2,"minecraft:andesite":3,"man:redcandle":4,"minecraft:oak_sapling":6,"minecraft:golden_sword":1,"minecraft:basalt":4,"minecraft:wooden_pickaxe":1,"minecraft:stone_pickaxe":1,"minecraft:raw_gold":11,"minecraft:cartography_table":1},"minecraft:custom":{"minecraft:interact_with_smithing_table":3,"minecraft:mob_kills":61,"minecraft:interact_with_crafting_table":74,"minecraft:bell_ring":13,"minecraft:leave_game":3,"minecraft:time_since_death":13364,"minecraft:climb_one_cm":84,"minecraft:sprint_one_cm":465827,"minecraft:walk_one_cm":510469,"minecraft:damage_blocked_by_shield":3618,"minecraft:drop":114,"minecraft:talked_to_villager":6,"minecraft:play_time":262279,"minecraft:deaths":4,"minecraft:sneak_time":20077,"minecraft:walk_under_water_one_cm":3053,"minecraft:boat_one_cm":44582,"minecraft:jump":3999,"minecraft:interact_with_blast_furnace":38,"minecraft:walk_on_water_one_cm":16980,"minecraft:total_world_time":262279,"minecraft:interact_with_furnace":84,"minecraft:interact_with_cartography_table":2,"minecraft:interact_with_grindstone":2,"minecraft:sleep_in_bed":11,"minecraft:time_since_rest":13410,"minecraft:damage_taken":3701,"minecraft:damage_dealt":11145,"minecraft:player_kills":1,"minecraft:swim_one_cm":14506,"minecraft:fly_one_cm":760120,"minecraft:open_chest":42,"minecraft:crouch_one_cm":68628,"minecraft:interact_with_smoker":14,"minecraft:fall_one_cm":94113,"minecraft:horse_one_cm":48897},"minecraft:killed_by":{"minecraft:zombified_piglin":1,"minecraft:zombie":2,"cave_dweller:cave_dweller":1},"minecraft:killed":{"minecraft:witch":1,"minecraft:skeleton":7,"minecraft:piglin_brute":1,"minecraft:piglin":1,"minecraft:pig":1,"minecraft:iron_golem":1,"minecraft:hoglin":3,"minecraft:creeper":1,"minecraft:sheep":4,"minecraft:zombie":31,"minecraft:cow":9}},"DataVersion":3465}