{"stats":{"minecraft:dropped":{"minecraft:stone_hoe":1,"minecraft:bread":11,"minecraft:wheat_seeds":1,"minecraft:cooked_beef":16,"minecraft:crafting_table":2,"minecraft:dripstone_block":11,"minecraft:cobblestone":15,"minecraft:iron_helmet":1,"epicpaladins:bloodstone_pickaxe":1,"minecraft:granite":3,"minecraft:dirt":2,"minecraft:iron_leggings":1,"minecraft:pumpkin":2,"minecraft:string":2,"minecraft:white_wool":2,"epicpaladins:arclight_gem":3,"minecraft:redstone":70,"minecraft:stone_axe":1,"minecraft:golden_chestplate":1,"minecraft:cobbled_deepslate":15,"minecraft:rotten_flesh":16,"minecraft:oak_planks":28,"minecraft:iron_boots":2,"minecraft:shield":1,"minecraft:iron_chestplate":1,"minecraft:andesite":5,"minecraft:yellow_bed":1,"minecraft:golden_leggings":1,"minecraft:wooden_pickaxe":2,"minecraft:arrow":2,"minecraft:stone_pickaxe":1,"minecraft:raw_gold":2,"minecraft:calcite":5,"minecraft:egg":3},"minecraft:crafted":{"minecraft:oak_planks":72,"minecraft:furnace":2,"minecraft:flint_and_steel":1,"minecraft:iron_boots":1,"minecraft:stone_pickaxe":1,"minecraft:stone_hoe":1,"minecraft:wheat":126,"minecraft:cooked_beef":2,"minecraft:crafting_table":2,"minecraft:wooden_pickaxe":1,"minecraft:iron_helmet":1,"epicpaladins:arclight_axe":1,"minecraft:bucket":1,"minecraft:stone_axe":1,"minecraft:bread":42,"minecraft:air":0,"minecraft:iron_chestplate":1,"minecraft:shield":1,"epicpaladins:bloodstone_pickaxe":1,"minecraft:stick":44,"minecraft:iron_ingot":32,"minecraft:iron_pickaxe":1,"minecraft:iron_leggings":1,"minecraft:white_bed":1,"minecraft:torch":120},"minecraft:custom":{"minecraft:mob_kills":25,"minecraft:interact_with_crafting_table":17,"minecraft:leave_game":6,"minecraft:time_since_death":53586,"minecraft:sprint_one_cm":274173,"minecraft:walk_one_cm":152726,"minecraft:damage_blocked_by_shield":1700,"minecraft:drop":44,"minecraft:play_time":84012,"minecraft:deaths":3,"minecraft:sneak_time":5432,"minecraft:jump":1407,"minecraft:walk_on_water_one_cm":1502,"minecraft:total_world_time":84012,"minecraft:interact_with_furnace":31,"minecraft:sleep_in_bed":5,"minecraft:time_since_rest":22753,"minecraft:damage_taken":1678,"minecraft:damage_dealt":3617,"minecraft:fly_one_cm":206047,"minecraft:crouch_one_cm":12246,"minecraft:fall_one_cm":23129},"minecraft:killed_by":{"minecraft:zombie_villager":1,"minecraft:creeper":1,"cave_dweller:cave_dweller":1},"minecraft:picked_up":{"minecraft:crafting_table":17,"minecraft:iron_chestplate":1,"minecraft:wooden_pickaxe":3,"epicpaladins:bloodstone_pickaxe":3,"minecraft:shield":1,"minecraft:amethyst_block":25,"minecraft:string":7,"minecraft:raw_copper":20,"epicpaladins:bloodstone_gem":3,"minecraft:cobbled_deepslate":221,"minecraft:beef":2,"minecraft:calcite":5,"minecraft:iron_pickaxe":1,"minecraft:furnace":9,"minecraft:iron_boots":1,"minecraft:egg":5,"minecraft:stick":2,"minecraft:raw_iron":141,"epicpaladins:arclight_gem":6,"minecraft:torch":88,"minecraft:diorite":61,"minecraft:redstone":80,"minecraft:golden_chestplate":1,"minecraft:arrow":9,"minecraft:rotten_flesh":22,"minecraft:hay_block":28,"minecraft:mutton":6,"minecraft:cobblestone":114,"minecraft:white_wool":7,"minecraft:cooked_beef":16,"minecraft:andesite":22,"minecraft:leather":9,"minecraft:golden_leggings":1,"epicpaladins:arclight_axe":2,"minecraft:flint":1,"minecraft:tuff":41,"minecraft:oak_log":22,"minecraft:yellow_bed":1,"minecraft:lapis_lazuli":22,"minecraft:dirt":7,"minecraft:bone":9,"minecraft:bow":1,"minecraft:wheat_seeds":3,"minecraft:raw_gold":5,"minecraft:stone_pickaxe":1,"minecraft:iron_ingot":8,"minecraft:stone_hoe":2,"minecraft:oak_planks":38,"minecraft:smooth_basalt":6,"minecraft:pumpkin":2,"minecraft:dripstone_block":18,"minecraft:gravel":22,"minecraft:white_bed":8,"minecraft:diamond":5,"minecraft:stone_axe":1,"minecraft:granite":3,"minecraft:bread":48,"minecraft:coal":141},"minecraft:killed":{"minecraft:skeleton":5,"minecraft:wolf":1,"minecraft:sheep":2,"minecraft:zombie":9,"minecraft:cow":1},"minecraft:used":{"epicpaladins:bloodstone_pickaxe":716,"minecraft:flint_and_steel":2,"minecraft:shield":26,"minecraft:stone_hoe":14,"minecraft:torch":119,"minecraft:dirt":5,"minecraft:furnace":7,"minecraft:egg":1,"minecraft:cooked_beef":2,"minecraft:cobbled_deepslate":141,"minecraft:iron_leggings":1,"minecraft:diorite":26,"minecraft:wooden_pickaxe":16,"minecraft:crafting_table":15,"minecraft:white_bed":6,"epicpaladins:arclight_axe":85,"minecraft:bread":21,"minecraft:stone_axe":11,"minecraft:cobblestone":28,"minecraft:bucket":1,"minecraft:andesite":4},"minecraft:mined":{"minecraft:large_amethyst_bud":1,"minecraft:tuff":44,"minecraft:white_bed":6,"minecraft:deepslate_diamond_ore":5,"minecraft:granite":3,"minecraft:budding_amethyst":3,"minecraft:grass_block":3,"minecraft:hay_block":14,"minecraft:redstone_ore":1,"minecraft:furnace":7,"minecraft:iron_ore":74,"minecraft:cobbled_deepslate":6,"minecraft:andesite":18,"minecraft:deepslate_lapis_ore":4,"minecraft:pointed_dripstone":1,"minecraft:deepslate_iron_ore":14,"minecraft:stone":84,"minecraft:white_wool":3,"minecraft:deepslate_redstone_ore":15,"minecraft:medium_amethyst_bud":1,"minecraft:crafting_table":15,"minecraft:torch":28,"minecraft:calcite":5,"minecraft:copper_ore":3,"minecraft:cobblestone":6,"minecraft:oak_planks":4,"minecraft:diorite":55,"minecraft:wall_torch":14,"minecraft:amethyst_block":26,"minecraft:grass":4,"minecraft:oak_log":22,"minecraft:coal_ore":91,"minecraft:gravel":13,"minecraft:dripstone_block":8,"minecraft:dirt":6,"minecraft:smooth_basalt":6,"minecraft:gold_ore":3,"minecraft:oak_leaves":3,"minecraft:deepslate":205}},"DataVersion":3465}